0_BaH2O2,H
1_BeH2O2,M
2_CaH2O2,H
3_CdH2O2,H
4_CoH2O2,M
5_CuH2O2,H
6_FeH2O2,M
7_MgH2O2,H
8_MnH2O2,M
9_NiH2O2,H
10_PbH2O2,H
11_PdH2O2,M
12_PtH2O2,M
13_SrH2O2,H
14_ZnH2O2,H
15_AlHO2,M
16_BiHO2,M
17_CeHO2,H
18_CoHO2,M
19_CrHO2,M
20_FeHO2,M
21_GaHO2,M
22_GdHO2,H
23_InHO2,M
24_IrHO2,M
25_LaHO2,H
26_LuHO2,H
27_NdHO2,M
28_RhHO2,M
29_RuHO2,M
30_ScHO2,H
31_SmHO2,H
32_YHO2,M
33_CeO2,H
34_GeO2,M
35_HfO2,M
36_IrO2,M
37_MoO2,M
38_OsO2,M
39_PdO2,H
40_PtO2,H
41_ReO2,M
42_RuO2,M
43_SnO2,M
44_TcO2,M
45_O2Te,M
46_TiO2,M
47_WO2,M
48_ZrO2,M
49_AlH2NO,M
50_BiH2NO,M
51_CeH2NO,M
52_CoH2NO,H
53_CrH2NO,M
54_FeH2NO,M
55_GaH2NO,M
56_GdH2NO,H
57_InH2NO,H
58_IrH2NO,M
59_LaH2NO,M
60_LuH2NO,M
61_NdH2NO,M
62_RhH2NO,H
63_RuH2NO,M
64_ScH2NO,M
65_SmH2NO,M
66_YH2NO,M
67_AlH2OP,M
68_BiH2OP,M
69_CeH2OP,M
70_CoH2OP,M
71_CrH2OP,M
72_FeH2OP,M
73_GaH2OP,M
74_GdH2OP,M
75_InH2OP,M
76_IrH2OP,M
77_LaH2OP,M
78_LuH2OP,M
79_NdH2OP,M
80_RhH2OP,M
81_RuH2OP,M
82_ScH2OP,M
83_SmH2OP,M
84_YH2OP,M
85_AlHOS,M
86_BiHOS,H
87_CeHOS,M
88_CoHOS,H
89_CrHOS,M
90_FeHOS,M
91_GaHOS,M
92_GdHOS,M
93_InHOS,H
94_IrHOS,H
95_LaHOS,M
96_LuHOS,M
97_NdHOS,M
98_RhHOS,H
99_RuHOS,M
100_ScHOS,M
101_SmHOS,M
102_YHOS,M
103_AlHOSe,M
104_BiHOSe,H
105_CeHOSe,M
106_CoHOSe,H
107_CrHOSe,M
108_FeHOSe,M
109_GaHOSe,M
110_GdHOSe,M
111_InHOSe,M
112_IrHOSe,H
113_LaHOSe,M
114_LuHOSe,M
115_NdHOSe,M
116_RhHOSe,H
117_RuHOSe,M
118_ScHOSe,M
119_SmHOSe,M
120_YHOSe,M
121_AlHOTe,M
122_BiHOTe,H
123_CeHOTe,M
124_CoHOTe,M
125_CrHOTe,M
126_FeHOTe,M
127_GaHOTe,M
128_GdHOTe,M
129_InHOTe,M
130_IrHOTe,M
131_LaHOTe,M
132_LuHOTe,M
133_NdHOTe,M
134_RhHOTe,H
135_RuHOTe,M
136_ScHOTe,M
137_SmHOTe,M
138_YHOTe,M
139_BaBr2,H
140_BeBr2,M
141_CaBr2,H
142_CdBr2,H
143_CoBr2,H
144_CuBr2,H
145_FeBr2,M
146_MgBr2,H
147_MnBr2,H
148_NiBr2,H
149_PbBr2,H
150_PdBr2,H
151_PtBr2,M
152_SrBr2,H
153_ZnBr2,H
154_BaCl2,H
155_BeCl2,M
156_CaCl2,H
157_CdCl2,H
158_CoCl2,H
159_CuCl2,H
160_FeCl2,M
161_MgCl2,H
162_MnCl2,H
163_NiCl2,H
164_PbCl2,H
165_PdCl2,H
166_PtCl2,M
167_SrCl2,H
168_ZnCl2,H
169_BaC2N2,M
170_BeC2N2,L
171_CaC2N2,M
172_CdC2N2,L
173_CoC2N2,L
174_CuC2N2,L
175_FeC2N2,L
176_MgC2N2,L
177_MnC2N2,L
178_NiC2N2,L
179_PbC2N2,L
180_PdC2N2,L
181_PtC2N2,L
182_SrC2N2,M
183_ZnC2N2,L
184_BaF2,M
185_BeF2,M
186_CaF2,M
187_CdF2,H
188_CoF2,H
189_CuF2,M
190_FeF2,M
191_MgF2,H
192_MnF2,M
193_NiF2,H
194_PbF2,M
195_PdF2,H
196_PtF2,M
197_SrF2,M
198_ZnF2,H
199_BaI2,H
200_BeI2,M
201_CaI2,H
202_CdI2,H
203_CoI2,H
204_CuI2,H
205_FeI2,M
206_MgI2,H
207_MnI2,H
208_NiI2,H
209_PbI2,H
210_PdI2,H
211_PtI2,M
212_SrI2,H
213_ZnI2,H
214_BaC2N2,M
215_BeC2N2,L
216_CaC2N2,M
217_CdC2N2,L
218_CoC2N2,L
219_CuC2N2,L
220_FeC2N2,L
221_MgC2N2,M
222_MnC2N2,L
223_NiC2N2,L
224_PbC2N2,L
225_PdC2N2,L
226_PtC2N2,L
227_SrC2N2,M
228_ZnC2N2,L
229_BaC2N2O2,M
230_BeC2N2O2,M
231_CaC2N2O2,M
232_CdC2N2O2,H
233_CoC2N2O2,M
234_CuC2N2O2,M
235_FeC2N2O2,M
236_MgC2N2O2,M
237_MnC2N2O2,M
238_NiC2N2O2,H
239_PbC2N2O2,M
240_PdC2N2O2,M
241_PtC2N2O2,M
242_SrC2N2O2,M
243_ZnC2N2O2,M
244_BaC2N2S2,M
245_BeC2N2S2,M
246_CaC2N2S2,M
247_CdC2N2S2,M
248_CoC2N2S2,L
249_CuC2N2S2,L
250_FeC2N2S2,L
251_MgC2N2S2,M
252_MnC2N2S2,M
253_NiC2N2S2,L
254_PbC2N2S2,M
255_PdC2N2S2,L
256_PtC2N2S2,L
257_SrC2N2S2,M
258_ZnC2N2S2,M
259_BaN2O2,M
260_BeN2O2,M
261_CaN2O2,M
262_CdN2O2,L
263_CoN2O2,M
264_CuN2O2,M
265_FeN2O2,M
266_MgN2O2,M
267_MnN2O2,M
268_NiN2O2,M
269_PbN2O2,L
270_PdN2O2,M
271_PtN2O2,M
272_SrN2O2,M
273_ZnN2O2,M
274_BaC2N2O2,M
275_BeC2N2O2,M
276_CaC2N2O2,M
277_CdC2N2O2,M
278_CoC2N2O2,M
279_CuC2N2O2,M
280_FeC2N2O2,M
281_MgC2N2O2,M
282_MnC2N2O2,M
283_NiC2N2O2,M
284_PbC2N2O2,M
285_PdC2N2O2,L
286_PtC2N2O2,L
287_SrC2N2O2,M
288_ZnC2N2O2,M
289_BaC2N2S2,M
290_BeC2N2S2,L
291_CaC2N2S2,M
292_CdC2N2S2,L
293_CoC2N2S2,L
294_CuC2N2S2,L
295_FeC2N2S2,L
296_MgC2N2S2,M
297_MnC2N2S2,L
298_NiC2N2S2,L
299_PbC2N2S2,L
300_PdC2N2S2,L
301_PtC2N2S2,L
302_SrC2N2S2,M
303_ZnC2N2S2,L
304_BaH2S2,M
305_BeH2S2,M
306_CaH2S2,M
307_CdH2S2,M
308_CoH2S2,M
309_CuH2S2,M
310_FeH2S2,M
311_MgH2S2,H
312_MnH2S2,M
313_NiH2S2,M
314_PbH2S2,M
315_PdH2S2,M
316_PtH2S2,M
317_SrH2S2,H
318_ZnH2S2,M
319_CeH2N2,H
320_GeH2N2,H
321_HfH2N2,H
322_IrH2N2,M
323_MoH2N2,H
324_OsH2N2,L
325_PdH2N2,L
326_PtH2N2,M
327_ReH2N2,M
328_RuH2N2,M
329_SnH2N2,H
330_TcH2N2,M
331_H2N2Te,L
332_TiH2N2,H
333_WH2N2,H
334_ZrH2N2,H
335_CeH2P2,M
336_GeH2P2,L
337_HfH2P2,M
338_IrH2P2,M
339_MoH2P2,M
340_OsH2P2,M
341_PdH2P2,M
342_PtH2P2,M
343_ReH2P2,M
344_RuH2P2,M
345_SnH2P2,M
346_TcH2P2,M
347_H2P2Te,L
348_TiH2P2,M
349_WH2P2,M
350_ZrH2P2,M
351_CeS2,H
352_GeS2,H
353_HfS2,H
354_IrS2,M
355_MoS2,M
356_OsS2,M
357_PdS2,H
358_PtS2,H
359_ReS2,M
360_RuS2,M
361_SnS2,H
362_TcS2,M
363_S2Te,H
364_TiS2,H
365_WS2,M
366_ZrS2,H
367_CeSe2,H
368_GeSe2,H
369_HfSe2,H
370_IrSe2,M
371_MoSe2,M
372_OsSe2,M
373_PdSe2,H
374_PtSe2,H
375_ReSe2,M
376_RuSe2,M
377_SnSe2,H
378_TcSe2,H
379_Se2Te,H
380_TiSe2,H
381_WSe2,M
382_ZrSe2,H
383_CeTe2,M
384_GeTe2,H
385_HfTe2,H
386_IrTe2,H
387_MoTe2,H
388_OsTe2,M
389_PdTe2,H
390_PtTe2,H
391_ReTe2,L
392_RuTe2,M
393_SnTe2,H
394_TcTe2,H
395_TiTe2,H
396_WTe2,M
397_ZrTe2,H
398_AlBrHN,M
399_BiBrHN,M
400_CeBrHN,M
401_CoBrHN,M
402_CrBrHN,H
403_FeBrHN,M
404_GaBrHN,M
405_GdBrHN,H
406_InBrHN,H
407_IrBrHN,M
408_LaBrHN,H
409_LuBrHN,H
410_NdBrHN,H
411_RhBrHN,M
412_RuBrHN,M
413_ScBrHN,H
414_SmBrHN,H
415_YBrHN,H
416_AlClHN,H
417_BiClHN,M
418_CeClHN,M
419_CoClHN,H
420_CrClHN,H
421_FeClHN,M
422_GaClHN,H
423_GdClHN,H
424_InClHN,H
425_IrClHN,M
426_LaClHN,H
427_LuClHN,H
428_NdClHN,H
429_RhClHN,H
430_RuClHN,M
431_ScClHN,H
432_SmClHN,H
433_YClHN,H
434_AlCHN2,M
435_BiCHN2,L
436_CeCHN2,M
437_CoCHN2,L
438_CrCHN2,M
439_FeCHN2,L
440_GaCHN2,L
441_GdCHN2,M
442_InCHN2,L
443_IrCHN2,L
444_LaCHN2,M
445_LuCHN2,M
446_NdCHN2,M
447_RhCHN2,L
448_RuCHN2,L
449_ScCHN2,M
450_SmCHN2,M
451_YCHN2,M
452_AlFHN,M
453_BiFHN,M
454_CeFHN,H
455_CoFHN,H
456_CrFHN,H
457_FeFHN,H
458_GaFHN,H
459_GdFHN,H
460_InFHN,H
461_IrFHN,M
462_LaFHN,H
463_LuFHN,H
464_NdFHN,H
465_RhFHN,H
466_RuFHN,M
467_ScFHN,H
468_SmFHN,H
469_YFHN,H
470_AlHIN,M
471_BiHIN,M
472_CeHIN,M
473_CoHIN,L
474_CrHIN,M
475_FeHIN,L
476_GaHIN,M
477_GdHIN,M
478_InHIN,M
479_IrHIN,L
480_LaHIN,H
481_LuHIN,H
482_NdHIN,H
483_RhHIN,L
484_RuHIN,L
485_ScHIN,H
486_SmHIN,H
487_YHIN,H
488_AlCHN2,M
489_BiCHN2,L
490_CeCHN2,M
491_CoCHN2,L
492_CrCHN2,M
493_FeCHN2,L
494_GaCHN2,M
495_GdCHN2,M
496_InCHN2,L
497_IrCHN2,L
498_LaCHN2,H
499_LuCHN2,M
500_NdCHN2,M
501_AlCHN2O,M
502_BiCHN2O,M
503_CeCHN2O,M
504_CoCHN2O,M
505_CrCHN2O,M
506_FeCHN2O,M
507_GaCHN2O,M
508_GdCHN2O,H
509_InCHN2O,M
510_IrCHN2O,M
511_LaCHN2O,M
512_LuCHN2O,M
513_NdCHN2O,M
514_RhCHN2O,H
515_RuCHN2O,M
516_ScCHN2O,M
517_SmCHN2O,M
518_YCHN2O,M
519_RhCHN2,L
520_RuCHN2,L
521_AlCHN2S,M
522_BiCHN2S,L
523_ScCHN2,M
524_CeCHN2S,M
525_CoCHN2S,M
526_CrCHN2S,M
527_FeCHN2S,L
528_GaCHN2S,M
529_GdCHN2S,H
530_InCHN2S,M
531_IrCHN2S,L
532_LaCHN2S,M
533_LuCHN2S,M
534_SmCHN2,M
535_NdCHN2S,M
536_RhCHN2S,M
537_RuCHN2S,L
538_ScCHN2S,M
539_SmCHN2S,M
540_YCHN2S,M
541_YCHN2,M
542_AlHN2O,M
543_BiHN2O,L
544_CeHN2O,M
545_CoHN2O,M
546_CrHN2O,M
547_FeHN2O,M
548_GaHN2O,M
549_GdHN2O,M
550_InHN2O,M
551_IrHN2O,L
552_LaHN2O,M
553_LuHN2O,M
554_NdHN2O,M
555_RhHN2O,M
556_RuHN2O,M
557_ScHN2O,M
558_SmHN2O,M
559_YHN2O,M
560_AlCHN2O,M
561_BiCHN2O,M
562_CeCHN2O,M
563_CoCHN2O,M
564_CrCHN2O,M
565_FeCHN2O,M
566_GaCHN2O,M
567_GdCHN2O,M
568_InCHN2O,M
569_IrCHN2O,M
570_LaCHN2O,M
571_LuCHN2O,M
572_NdCHN2O,M
573_RhCHN2O,M
574_RuCHN2O,M
575_ScCHN2O,M
576_SmCHN2O,M
577_YCHN2O,M
578_AlCHN2S,M
579_BiCHN2S,L
580_CeCHN2S,M
581_CoCHN2S,L
582_CrCHN2S,M
583_FeCHN2S,L
584_GaCHN2S,M
585_GdCHN2S,M
586_InCHN2S,M
587_IrCHN2S,L
588_LaCHN2S,M
589_LuCHN2S,M
590_NdCHN2S,M
591_RhCHN2S,L
592_RuCHN2S,L
593_ScCHN2S,M
594_SmCHN2S,M
595_YCHN2S,M
596_AlH2NS,M
597_BiH2NS,M
598_CeH2NS,M
599_CoH2NS,M
600_CrH2NS,M
601_FeH2NS,M
602_GaH2NS,M
603_GdH2NS,H
604_InH2NS,M
605_IrH2NS,M
606_LaH2NS,M
607_LuH2NS,M
608_NdH2NS,M
609_RhH2NS,M
610_RuH2NS,M
611_ScH2NS,M
612_SmH2NS,M
613_YH2NS,M
614_AlBrO,M
615_BiBrO,M
616_CeBrO,H
617_CoBrO,M
618_CrBrO,M
619_FeBrO,M
620_GaBrO,M
621_GdBrO,M
622_InBrO,M
623_IrBrO,M
624_LaBrO,M
625_LuBrO,M
626_NdBrO,M
627_RhBrO,M
628_RuBrO,M
629_ScBrO,M
630_SmBrO,M
631_YBrO,H
632_AlClO,M
633_BiClO,M
634_CeClO,M
635_CoClO,M
636_CrClO,M
637_FeClO,M
638_GaClO,M
639_GdClO,M
640_InClO,H
641_IrClO,M
642_LaClO,M
643_LuClO,H
644_NdClO,M
645_RhClO,M
646_RuClO,M
647_ScClO,H
648_SmClO,M
649_YClO,M
650_AlCNO,M
651_BiCNO,M
652_CeCNO,M
653_CoCNO,M
654_CrCNO,M
655_FeCNO,M
656_GaCNO,M
657_GdCNO,M
658_InCNO,M
659_IrCNO,L
660_LaCNO,M
661_LuCNO,M
662_NdCNO,M
663_RhCNO,M
664_RuCNO,L
665_ScCNO,M
666_SmCNO,M
667_YCNO,M
668_AlFO,M
669_BiFO,M
670_CeFO,H
671_CoFO,H
672_CrFO,M
673_FeFO,H
674_GaFO,H
675_GdFO,H
676_InFO,M
677_IrFO,M
678_LaFO,M
679_LuFO,M
680_NdFO,M
681_RhFO,H
682_RuFO,M
683_ScFO,M
684_SmFO,M
685_YFO,H
686_AlIO,M
687_BiIO,M
688_CeIO,H
689_CoIO,M
690_CrIO,M
691_FeIO,M
692_GaIO,M
693_GdIO,M
694_InIO,M
695_IrIO,L
696_LaIO,H
697_LuIO,M
698_NdIO,H
699_RhIO,M
700_RuIO,M
701_ScIO,M
702_SmIO,H
703_YIO,M
704_AlCNO,M
705_BiCNO,M
706_CeCNO,M
707_CoCNO,M
708_CrCNO,M
709_FeCNO,M
710_GaCNO,M
711_GdCNO,M
712_InCNO,M
713_IrCNO,L
714_LaCNO,M
715_LuCNO,M
716_NdCNO,M
717_AlCNO2,M
718_BiCNO2,M
719_CeCNO2,M
720_CoCNO2,M
721_CrCNO2,M
722_FeCNO2,M
723_GaCNO2,M
724_GdCNO2,M
725_InCNO2,M
726_IrCNO2,M
727_LaCNO2,H
728_LuCNO2,M
729_NdCNO2,H
730_RhCNO2,M
731_RuCNO2,M
732_ScCNO2,M
733_SmCNO2,H
734_YCNO2,M
735_RhCNO,L
736_RuCNO,L
737_AlCNOS,M
738_BiCNOS,M
739_ScCNO,M
740_CeCNOS,M
741_CoCNOS,M
742_CrCNOS,M
743_FeCNOS,M
744_GaCNOS,M
745_GdCNOS,M
746_InCNOS,M
747_IrCNOS,L
748_LaCNOS,M
749_LuCNOS,M
750_SmCNO,M
751_NdCNOS,M
752_RhCNOS,M
753_RuCNOS,M
754_ScCNOS,M
755_SmCNOS,M
756_YCNOS,M
757_YCNO,M
758_AlNO2,M
759_BiNO2,M
760_CeNO2,M
761_CoNO2,M
762_CrNO2,M
763_FeNO2,M
764_GaNO2,M
765_GdNO2,H
766_InNO2,M
767_IrNO2,M
768_LaNO2,M
769_LuNO2,M
770_NdNO2,M
771_RhNO2,M
772_RuNO2,M
773_ScNO2,M
774_SmNO2,M
775_YNO2,M
776_AlCNO2,M
777_BiCNO2,M
778_CeCNO2,M
779_CoCNO2,M
780_CrCNO2,M
781_FeCNO2,M
782_GaCNO2,M
783_GdCNO2,H
784_InCNO2,M
785_IrCNO2,M
786_LaCNO2,M
787_LuCNO2,M
788_NdCNO2,M
789_RhCNO2,M
790_RuCNO2,M
791_ScCNO2,M
792_SmCNO2,M
793_YCNO2,M
794_AlCNOS,M
795_BiCNOS,M
796_CeCNOS,M
797_CoCNOS,M
798_CrCNOS,M
799_FeCNOS,M
800_GaCNOS,M
801_GdCNOS,M
802_InCNOS,M
803_IrCNOS,L
804_LaCNOS,M
805_LuCNOS,M
806_NdCNOS,M
807_RhCNOS,M
808_RuCNOS,M
809_ScCNOS,M
810_SmCNOS,M
811_YCNOS,M
812_AlHOS,M
813_BiHOS,M
814_CeHOS,M
815_CoHOS,M
816_CrHOS,M
817_FeHOS,M
818_GaHOS,M
819_GdHOS,H
820_InHOS,M
821_IrHOS,M
822_LaHOS,M
823_LuHOS,M
824_NdHOS,M
825_RhHOS,M
826_RuHOS,M
827_ScHOS,M
828_SmHOS,M
829_YHOS,M
830_AlBrHP,M
831_BiBrHP,M
832_CeBrHP,M
833_CoBrHP,M
834_CrBrHP,M
835_FeBrHP,M
836_GaBrHP,M
837_GdBrHP,M
838_InBrHP,M
839_IrBrHP,H
840_LaBrHP,M
841_LuBrHP,M
842_NdBrHP,M
843_RhBrHP,H
844_RuBrHP,M
845_ScBrHP,H
846_SmBrHP,M
847_YBrHP,M
848_AlClHP,M
849_BiClHP,M
850_CeClHP,M
851_CoClHP,M
852_CrClHP,M
853_FeClHP,M
854_GaClHP,M
855_GdClHP,M
856_InClHP,M
857_IrClHP,H
858_LaClHP,M
859_LuClHP,H
860_NdClHP,M
861_RhClHP,H
862_RuClHP,M
863_ScClHP,M
864_SmClHP,M
865_YClHP,M
866_AlCHNP,L
867_BiCHNP,L
868_CeCHNP,M
869_CoCHNP,L
870_CrCHNP,L
871_FeCHNP,L
872_GaCHNP,L
873_GdCHNP,M
874_InCHNP,L
875_IrCHNP,L
876_LaCHNP,M
877_LuCHNP,M
878_NdCHNP,M
879_RhCHNP,M
880_RuCHNP,L
881_ScCHNP,M
882_SmCHNP,M
883_YCHNP,M
884_AlFHP,M
885_BiFHP,M
886_CeFHP,M
887_CoFHP,M
888_CrFHP,M
889_FeFHP,M
890_GaFHP,M
891_GdFHP,M
892_InFHP,M
893_IrFHP,M
894_LaFHP,M
895_LuFHP,M
896_NdFHP,M
897_RhFHP,M
898_RuFHP,M
899_ScFHP,M
900_SmFHP,M
901_YFHP,M
902_AlHIP,M
903_BiHIP,M
904_CeHIP,M
905_CoHIP,M
906_CrHIP,M
907_FeHIP,M
908_GaHIP,M
909_GdHIP,M
910_InHIP,M
911_IrHIP,M
912_LaHIP,M
913_LuHIP,M
914_NdHIP,M
915_RhHIP,M
916_RuHIP,M
917_ScHIP,M
918_SmHIP,M
919_YHIP,M
920_AlCHNP,L
921_BiCHNP,L
922_CeCHNP,M
923_CoCHNP,L
924_CrCHNP,L
925_FeCHNP,L
926_GaCHNP,L
927_GdCHNP,L
928_InCHNP,L
929_IrCHNP,L
930_LaCHNP,M
931_LuCHNP,M
932_NdCHNP,M
933_AlCHNOP,M
934_BiCHNOP,M
935_CeCHNOP,M
936_CoCHNOP,M
937_CrCHNOP,M
938_FeCHNOP,M
939_GaCHNOP,M
940_GdCHNOP,M
941_InCHNOP,M
942_IrCHNOP,M
943_LaCHNOP,M
944_LuCHNOP,M
945_NdCHNOP,M
946_RhCHNOP,M
947_RuCHNOP,M
948_ScCHNOP,M
949_SmCHNOP,M
950_YCHNOP,M
951_RhCHNP,M
952_RuCHNP,L
953_AlCHNPS,M
954_BiCHNPS,L
955_ScCHNP,M
956_CeCHNPS,M
957_CoCHNPS,M
958_CrCHNPS,M
959_FeCHNPS,L
960_GaCHNPS,M
961_GdCHNPS,M
962_InCHNPS,M
963_IrCHNPS,M
964_LaCHNPS,M
965_LuCHNPS,M
966_SmCHNP,M
967_NdCHNPS,M
968_RhCHNPS,M
969_RuCHNPS,M
970_ScCHNPS,M
971_SmCHNPS,M
972_YCHNPS,M
973_YCHNP,M
974_AlHNOP,M
975_BiHNOP,L
976_CeHNOP,M
977_CoHNOP,M
978_CrHNOP,M
979_FeHNOP,M
980_GaHNOP,M
981_GdHNOP,M
982_InHNOP,L
983_IrHNOP,M
984_LaHNOP,M
985_LuHNOP,M
986_NdHNOP,M
987_RhHNOP,M
988_RuHNOP,M
989_ScHNOP,M
990_SmHNOP,M
991_YHNOP,M
992_AlCHNOP,M
993_BiCHNOP,M
994_CeCHNOP,M
995_CoCHNOP,M
996_CrCHNOP,M
997_FeCHNOP,M
998_GaCHNOP,M
999_GdCHNOP,M
1000_InCHNOP,M
1001_IrCHNOP,M
1002_LaCHNOP,M
1003_LuCHNOP,M
1004_NdCHNOP,M
1005_RhCHNOP,M
1006_RuCHNOP,M
1007_ScCHNOP,M
1008_SmCHNOP,M
1009_YCHNOP,M
1010_AlCHNPS,M
1011_BiCHNPS,L
1012_CeCHNPS,M
1013_CoCHNPS,M
1014_CrCHNPS,L
1015_FeCHNPS,L
1016_GaCHNPS,L
1017_GdCHNPS,M
1018_InCHNPS,M
1019_IrCHNPS,M
1020_LaCHNPS,M
1021_LuCHNPS,M
1022_NdCHNPS,M
1023_RhCHNPS,M
1024_RuCHNPS,L
1025_ScCHNPS,M
1026_SmCHNPS,M
1027_YCHNPS,M
1028_AlH2PS,M
1029_BiH2PS,M
1030_CeH2PS,M
1031_CoH2PS,M
1032_CrH2PS,M
1033_FeH2PS,M
1034_GaH2PS,M
1035_GdH2PS,M
1036_InH2PS,M
1037_IrH2PS,M
1038_LaH2PS,M
1039_LuH2PS,M
1040_NdH2PS,M
1041_RhH2PS,M
1042_RuH2PS,M
1043_ScH2PS,M
1044_SmH2PS,M
1045_YH2PS,M
1046_AlBrS,H
1047_BiBrS,H
1048_CeBrS,M
1049_CoBrS,H
1050_CrBrS,H
1051_FeBrS,M
1052_GaBrS,H
1053_GdBrS,M
1054_InBrS,H
1055_IrBrS,H
1056_LaBrS,H
1057_LuBrS,H
1058_NdBrS,H
1059_RhBrS,H
1060_RuBrS,H
1061_ScBrS,H
1062_SmBrS,H
1063_YBrS,H
1064_AlClS,H
1065_BiClS,H
1066_CeClS,M
1067_CoClS,H
1068_CrClS,H
1069_FeClS,H
1070_GaClS,H
1071_GdClS,M
1072_InClS,H
1073_IrClS,H
1074_LaClS,H
1075_LuClS,H
1076_NdClS,H
1077_RhClS,H
1078_RuClS,H
1079_ScClS,H
1080_SmClS,H
1081_YClS,H
1082_AlCNS,M
1083_BiCNS,L
1084_CeCNS,M
1085_CoCNS,L
1086_CrCNS,M
1087_FeCNS,L
1088_GaCNS,L
1089_GdCNS,M
1090_InCNS,L
1091_IrCNS,L
1092_LaCNS,M
1093_LuCNS,M
1094_NdCNS,M
1095_RhCNS,L
1096_RuCNS,L
1097_ScCNS,M
1098_SmCNS,M
1099_YCNS,M
1100_AlBrSe,H
1101_BiBrSe,H
1102_CeBrSe,H
1103_CoBrSe,H
1104_CrBrSe,H
1105_FeBrSe,H
1106_GaBrSe,H
1107_GdBrSe,M
1108_InBrSe,H
1109_IrBrSe,H
1110_LaBrSe,H
1111_LuBrSe,H
1112_NdBrSe,H
1113_RhBrSe,H
1114_RuBrSe,H
1115_ScBrSe,H
1116_SmBrSe,H
1117_YBrSe,H
1118_AlClSe,H
1119_BiClSe,H
1120_CeClSe,H
1121_CoClSe,H
1122_CrClSe,H
1123_FeClSe,H
1124_GaClSe,H
1125_GdClSe,M
1126_InClSe,H
1127_IrClSe,H
1128_LaClSe,H
1129_LuClSe,H
1130_NdClSe,H
1131_RhClSe,H
1132_RuClSe,H
1133_ScClSe,H
1134_SmClSe,H
1135_YClSe,H
1136_AlCNSe,M
1137_BiCNSe,L
1138_CeCNSe,M
1139_CoCNSe,L
1140_CrCNSe,M
1141_FeCNSe,L
1142_GaCNSe,L
1143_GdCNSe,M
1144_InCNSe,L
1145_IrCNSe,L
1146_LaCNSe,M
1147_LuCNSe,M
1148_NdCNSe,M
1149_RhCNSe,L
1150_RuCNSe,L
1151_ScCNSe,M
1152_SmCNSe,M
1153_YCNSe,M
1154_AlFSe,M
1155_BiFSe,H
1156_CeFSe,H
1157_CoFSe,M
1158_CrFSe,M
1159_FeFSe,M
1160_GaFSe,M
1161_GdFSe,M
1162_InFSe,M
1163_IrFSe,H
1164_LaFSe,M
1165_LuFSe,M
1166_NdFSe,M
1167_RhFSe,H
1168_RuFSe,M
1169_ScFSe,H
1170_SmFSe,M
1171_YFSe,M
1172_AlISe,H
1173_BiISe,H
1174_CeISe,H
1175_CoISe,H
1176_CrISe,H
1177_FeISe,M
1178_GaISe,H
1179_GdISe,M
1180_InISe,H
1181_IrISe,H
1182_LaISe,H
1183_LuISe,H
1184_NdISe,H
1185_RhISe,H
1186_RuISe,H
1187_ScISe,H
1188_SmISe,H
1189_YISe,H
1190_AlCNSe,M
1191_BiCNSe,L
1192_CeCNSe,M
1193_CoCNSe,L
1194_CrCNSe,M
1195_FeCNSe,L
1196_GaCNSe,L
1197_GdCNSe,M
1198_InCNSe,L
1199_IrCNSe,L
1200_LaCNSe,M
1201_LuCNSe,M
1202_NdCNSe,M
1203_AlCNOSe,M
1204_BiCNOSe,H
1205_CeCNOSe,M
1206_CoCNOSe,M
1207_CrCNOSe,M
1208_FeCNOSe,M
1209_GaCNOSe,M
1210_GdCNOSe,M
1211_InCNOSe,M
1212_IrCNOSe,M
1213_LaCNOSe,M
1214_LuCNOSe,M
1215_NdCNOSe,M
1216_RhCNOSe,H
1217_RuCNOSe,M
1218_ScCNOSe,M
1219_SmCNOSe,M
1220_YCNOSe,M
1221_RhCNSe,L
1222_RuCNSe,L
1223_AlCNSSe,M
1224_BiCNSSe,M
1225_ScCNSe,M
1226_CeCNSSe,M
1227_CoCNSSe,M
1228_CrCNSSe,M
1229_FeCNSSe,M
1230_GaCNSSe,M
1231_GdCNSSe,H
1232_InCNSSe,M
1233_IrCNSSe,M
1234_LaCNSSe,M
1235_LuCNSSe,M
1236_SmCNSe,M
1237_NdCNSSe,M
1238_RhCNSSe,M
1239_RuCNSSe,L
1240_ScCNSSe,M
1241_SmCNSSe,M
1242_YCNSSe,M
1243_YCNSe,M
1244_AlNOSe,M
1245_BiNOSe,M
1246_CeNOSe,M
1247_CoNOSe,M
1248_CrNOSe,M
1249_FeNOSe,M
1250_GaNOSe,M
1251_GdNOSe,M
1252_InNOSe,M
1253_IrNOSe,L
1254_LaNOSe,M
1255_LuNOSe,M
1256_NdNOSe,M
1257_RhNOSe,M
1258_RuNOSe,M
1259_ScNOSe,M
1260_SmNOSe,M
1261_YNOSe,M
1262_AlCNOSe,M
1263_BiCNOSe,M
1264_CeCNOSe,M
1265_CoCNOSe,M
1266_CrCNOSe,M
1267_FeCNOSe,M
1268_GaCNOSe,M
1269_GdCNOSe,M
1270_InCNOSe,M
1271_IrCNOSe,M
1272_LaCNOSe,M
1273_LuCNOSe,M
1274_NdCNOSe,M
1275_RhCNOSe,M
1276_RuCNOSe,M
1277_ScCNOSe,M
1278_SmCNOSe,M
1279_YCNOSe,M
1280_AlCNSSe,M
1281_BiCNSSe,L
1282_CeCNSSe,M
1283_CoCNSSe,M
1284_CrCNSSe,M
1285_FeCNSSe,L
1286_GaCNSSe,M
1287_GdCNSSe,M
1288_InCNSSe,M
1289_IrCNSSe,M
1290_LaCNSSe,M
1291_LuCNSSe,M
1292_NdCNSSe,M
1293_RhCNSSe,M
1294_RuCNSSe,L
1295_ScCNSSe,M
1296_SmCNSSe,M
1297_YCNSSe,M
1298_AlHSSe,M
1299_BiHSSe,M
1300_CeHSSe,M
1301_CoHSSe,H
1302_CrHSSe,M
1303_FeHSSe,M
1304_GaHSSe,M
1305_GdHSSe,H
1306_InHSSe,H
1307_IrHSSe,M
1308_LaHSSe,M
1309_LuHSSe,M
1310_NdHSSe,M
1311_RhHSSe,H
1312_RuHSSe,M
1313_ScHSSe,H
1314_SmHSSe,M
1315_YHSSe,H
1316_AlFS,M
1317_BiFS,H
1318_CeFS,M
1319_CoFS,H
1320_CrFS,M
1321_FeFS,M
1322_GaFS,M
1323_GdFS,M
1324_InFS,H
1325_IrFS,H
1326_LaFS,M
1327_LuFS,M
1328_NdFS,M
1329_RhFS,H
1330_RuFS,M
1331_ScFS,M
1332_SmFS,M
1333_YFS,M
1334_AlIS,H
1335_BiIS,H
1336_CeIS,H
1337_CoIS,M
1338_CrIS,H
1339_FeIS,M
1340_GaIS,M
1341_GdIS,H
1342_InIS,H
1343_IrIS,H
1344_LaIS,H
1345_LuIS,H
1346_NdIS,H
1347_RhIS,H
1348_RuIS,M
1349_ScIS,H
1350_SmIS,H
1351_YIS,H
1352_AlCNS,M
1353_BiCNS,L
1354_CeCNS,M
1355_CoCNS,L
1356_CrCNS,M
1357_FeCNS,L
1358_GaCNS,L
1359_GdCNS,M
1360_InCNS,L
1361_IrCNS,L
1362_LaCNS,M
1363_LuCNS,M
1364_NdCNS,M
1365_AlCNOS,M
1366_BiCNOS,H
1367_CeCNOS,M
1368_CoCNOS,H
1369_CrCNOS,M
1370_FeCNOS,M
1371_GaCNOS,M
1372_GdCNOS,H
1373_InCNOS,M
1374_IrCNOS,M
1375_LaCNOS,M
1376_LuCNOS,M
1377_NdCNOS,M
1378_RhCNOS,H
1379_RuCNOS,M
1380_ScCNOS,M
1381_SmCNOS,M
1382_YCNOS,M
1383_RhCNS,L
1384_RuCNS,L
1385_AlCNS2,M
1386_BiCNS2,M
1387_ScCNS,M
1388_CeCNS2,M
1389_CoCNS2,M
1390_CrCNS2,M
1391_FeCNS2,M
1392_GaCNS2,M
1393_GdCNS2,M
1394_InCNS2,M
1395_IrCNS2,M
1396_LaCNS2,M
1397_LuCNS2,M
1398_SmCNS,M
1399_NdCNS2,M
1400_RhCNS2,M
1401_RuCNS2,M
1402_ScCNS2,M
1403_SmCNS2,M
1404_YCNS2,M
1405_YCNS,M
1406_AlNOS,M
1407_BiNOS,M
1408_CeNOS,M
1409_CoNOS,M
1410_CrNOS,M
1411_FeNOS,M
1412_GaNOS,M
1413_GdNOS,M
1414_InNOS,M
1415_IrNOS,M
1416_LaNOS,M
1417_LuNOS,M
1418_NdNOS,M
1419_RhNOS,M
1420_RuNOS,M
1421_ScNOS,M
1422_SmNOS,M
1423_YNOS,M
1424_AlCNOS,M
1425_BiCNOS,M
1426_CeCNOS,M
1427_CoCNOS,M
1428_CrCNOS,M
1429_FeCNOS,M
1430_GaCNOS,M
1431_GdCNOS,M
1432_InCNOS,M
1433_IrCNOS,M
1434_LaCNOS,M
1435_LuCNOS,M
1436_NdCNOS,M
1437_RhCNOS,M
1438_RuCNOS,M
1439_ScCNOS,M
1440_SmCNOS,M
1441_YCNOS,M
1442_AlCNS2,M
1443_BiCNS2,L
1444_CeCNS2,M
1445_CoCNS2,M
1446_CrCNS2,M
1447_FeCNS2,M
1448_GaCNS2,M
1449_GdCNS2,M
1450_InCNS2,M
1451_IrCNS2,M
1452_LaCNS2,M
1453_LuCNS2,M
1454_NdCNS2,M
1455_RhCNS2,M
1456_RuCNS2,L
1457_ScCNS2,M
1458_SmCNS2,M
1459_YCNS2,M
1460_AlHS2,H
1461_BiHS2,M
1462_CeHS2,H
1463_CoHS2,M
1464_CrHS2,M
1465_FeHS2,M
1466_GaHS2,M
1467_GdHS2,M
1468_InHS2,H
1469_IrHS2,M
1470_LaHS2,M
1471_LuHS2,M
1472_NdHS2,M
1473_RhHS2,H
1474_RuHS2,M
1475_ScHS2,M
1476_SmHS2,M
1477_YHS2,M
1478_AlBrTe,H
1479_BiBrTe,H
1480_CeBrTe,M
1481_CoBrTe,H
1482_CrBrTe,H
1483_FeBrTe,M
1484_GaBrTe,H
1485_GdBrTe,M
1486_InBrTe,H
1487_IrBrTe,H
1488_LaBrTe,M
1489_LuBrTe,H
1490_NdBrTe,H
1491_RhBrTe,H
1492_RuBrTe,M
1493_ScBrTe,H
1494_SmBrTe,H
1495_YBrTe,H
1496_AlClTe,M
1497_BiClTe,H
1498_CeClTe,M
1499_CoClTe,H
1500_CrClTe,H
1501_FeClTe,H
1502_GaClTe,M
1503_GdClTe,H
1504_InClTe,H
1505_IrClTe,H
1506_LaClTe,H
1507_LuClTe,H
1508_NdClTe,M
1509_RhClTe,H
1510_RuClTe,M
1511_ScClTe,H
1512_SmClTe,H
1513_YClTe,H
1514_AlCNTe,L
1515_BiCNTe,L
1516_CeCNTe,M
1517_CoCNTe,L
1518_CrCNTe,L
1519_FeCNTe,L
1520_GaCNTe,L
1521_GdCNTe,M
1522_InCNTe,L
1523_IrCNTe,L
1524_LaCNTe,M
1525_LuCNTe,M
1526_NdCNTe,M
1527_RhCNTe,L
1528_RuCNTe,L
1529_ScCNTe,M
1530_SmCNTe,M
1531_YCNTe,M
1532_AlFTe,M
1533_BiFTe,H
1534_CeFTe,H
1535_CoFTe,M
1536_CrFTe,M
1537_FeFTe,M
1538_GaFTe,M
1539_GdFTe,M
1540_InFTe,M
1541_IrFTe,M
1542_LaFTe,M
1543_LuFTe,H
1544_NdFTe,M
1545_RhFTe,H
1546_RuFTe,M
1547_ScFTe,M
1548_SmFTe,M
1549_YFTe,M
1550_AlITe,H
1551_BiITe,H
1552_CeITe,M
1553_CoITe,H
1554_CrITe,H
1555_FeITe,M
1556_GaITe,H
1557_GdITe,H
1558_InITe,H
1559_IrITe,H
1560_LaITe,H
1561_LuITe,H
1562_NdITe,H
1563_RhITe,H
1564_RuITe,M
1565_ScITe,H
1566_SmITe,H
1567_YITe,H
1568_AlCNTe,L
1569_BiCNTe,L
1570_CeCNTe,M
1571_CoCNTe,L
1572_CrCNTe,M
1573_FeCNTe,L
1574_GaCNTe,L
1575_GdCNTe,M
1576_InCNTe,L
1577_IrCNTe,L
1578_LaCNTe,M
1579_LuCNTe,M
1580_NdCNTe,M
1581_AlCNOTe,M
1582_BiCNOTe,H
1583_CeCNOTe,M
1584_CoCNOTe,M
1585_CrCNOTe,M
1586_FeCNOTe,M
1587_GaCNOTe,M
1588_GdCNOTe,M
1589_InCNOTe,M
1590_IrCNOTe,M
1591_LaCNOTe,M
1592_LuCNOTe,M
1593_NdCNOTe,M
1594_RhCNOTe,H
1595_RuCNOTe,M
1596_ScCNOTe,M
1597_SmCNOTe,M
1598_YCNOTe,M
1599_RhCNTe,L
1600_RuCNTe,L
1601_AlCNSTe,M
1602_BiCNSTe,M
1603_ScCNTe,M
1604_CeCNSTe,M
1605_CoCNSTe,M
1606_CrCNSTe,M
1607_FeCNSTe,M
1608_GaCNSTe,L
1609_GdCNSTe,M
1610_InCNSTe,M
1611_IrCNSTe,L
1612_LaCNSTe,M
1613_LuCNSTe,M
1614_SmCNTe,M
1615_NdCNSTe,M
1616_RhCNSTe,M
1617_RuCNSTe,L
1618_ScCNSTe,M
1619_SmCNSTe,M
1620_YCNSTe,M
1621_YCNTe,M
1622_AlNOTe,M
1623_BiNOTe,M
1624_CeNOTe,M
1625_CoNOTe,M
1626_CrNOTe,M
1627_FeNOTe,M
1628_GaNOTe,M
1629_GdNOTe,M
1630_InNOTe,M
1631_IrNOTe,L
1632_LaNOTe,M
1633_LuNOTe,M
1634_NdNOTe,M
1635_RhNOTe,M
1636_RuNOTe,M
1637_ScNOTe,M
1638_SmNOTe,M
1639_YNOTe,M
1640_AlCNOTe,M
1641_BiCNOTe,M
1642_CeCNOTe,M
1643_CoCNOTe,M
1644_CrCNOTe,M
1645_FeCNOTe,M
1646_GaCNOTe,M
1647_GdCNOTe,M
1648_InCNOTe,M
1649_IrCNOTe,M
1650_LaCNOTe,M
1651_LuCNOTe,M
1652_NdCNOTe,M
1653_RhCNOTe,M
1654_RuCNOTe,M
1655_ScCNOTe,M
1656_SmCNOTe,M
1657_YCNOTe,M
1658_AlCNSTe,M
1659_BiCNSTe,L
1660_CeCNSTe,M
1661_CoCNSTe,M
1662_CrCNSTe,M
1663_FeCNSTe,L
1664_GaCNSTe,L
1665_GdCNSTe,M
1666_InCNSTe,M
1667_IrCNSTe,M
1668_LaCNSTe,M
1669_LuCNSTe,M
1670_NdCNSTe,M
1671_RhCNSTe,M
1672_RuCNSTe,L
1673_ScCNSTe,M
1674_SmCNSTe,M
1675_YCNSTe,M
1676_AlHSTe,M
1677_BiHSTe,M
1678_CeHSTe,M
1679_CoHSTe,M
1680_CrHSTe,M
1681_FeHSTe,M
1682_GaHSTe,M
1683_GdHSTe,H
1684_InHSTe,M
1685_IrHSTe,M
1686_LaHSTe,M
1687_LuHSTe,M
1688_NdHSTe,M
1689_RhHSTe,M
1690_RuHSTe,M
1691_ScHSTe,M
1692_SmHSTe,M
1693_YHSTe,M
1694_BaBrCl,H
1695_BeBrCl,M
1696_CaBrCl,H
1697_CdBrCl,H
1698_CoBrCl,H
1699_CuBrCl,H
1700_FeBrCl,M
1701_MgBrCl,H
1702_MnBrCl,M
1703_NiBrCl,H
1704_PbBrCl,H
1705_PdBrCl,H
1706_PtBrCl,M
1707_SrBrCl,H
1708_ZnBrCl,H
1709_BaBrCN,M
1710_BeBrCN,M
1711_CaBrCN,M
1712_CdBrCN,M
1713_CoBrCN,L
1714_CuBrCN,L
1715_FeBrCN,L
1716_MgBrCN,M
1717_MnBrCN,M
1718_NiBrCN,L
1719_PbBrCN,M
1720_PdBrCN,L
1721_PtBrCN,L
1722_SrBrCN,M
1723_ZnBrCN,M
1724_BaCClN,M
1725_BeCClN,M
1726_CaCClN,M
1727_CdCClN,M
1728_CoCClN,L
1729_CuCClN,L
1730_FeCClN,M
1731_MgCClN,M
1732_MnCClN,M
1733_NiCClN,M
1734_PbCClN,M
1735_PdCClN,L
1736_PtCClN,L
1737_SrCClN,M
1738_ZnCClN,M
1739_BaCFN,M
1740_BeCFN,M
1741_CaCFN,M
1742_CdCFN,M
1743_CoCFN,M
1744_CuCFN,M
1745_FeCFN,M
1746_MgCFN,M
1747_MnCFN,M
1748_NiCFN,M
1749_PbCFN,M
1750_PdCFN,M
1751_PtCFN,L
1752_SrCFN,M
1753_ZnCFN,M
1754_BaCIN,M
1755_BeCIN,L
1756_CaCIN,M
1757_CdCIN,L
1758_CoCIN,L
1759_CuCIN,L
1760_FeCIN,L
1761_MgCIN,M
1762_MnCIN,M
1763_NiCIN,L
1764_PbCIN,L
1765_PdCIN,L
1766_PtCIN,L
1767_SrCIN,M
1768_ZnCIN,L
1769_BaBrF,M
1770_BeBrF,M
1771_CaBrF,M
1772_CdBrF,H
1773_CoBrF,H
1774_CuBrF,M
1775_FeBrF,M
1776_MgBrF,M
1777_MnBrF,M
1778_NiBrF,M
1779_PbBrF,H
1780_PdBrF,H
1781_PtBrF,M
1782_SrBrF,M
1783_ZnBrF,M
1784_BaClF,M
1785_BeClF,M
1786_CaClF,H
1787_CdClF,H
1788_CoClF,H
1789_CuClF,M
1790_FeClF,M
1791_MgClF,H
1792_MnClF,M
1793_NiClF,H
1794_PbClF,H
1795_PdClF,H
1796_PtClF,M
1797_SrClF,M
1798_ZnClF,H
1799_BaBrI,H
1800_BeBrI,M
1801_CaBrI,H
1802_CdBrI,H
1803_CoBrI,H
1804_CuBrI,H
1805_FeBrI,M
1806_MgBrI,H
1807_MnBrI,M
1808_NiBrI,H
1809_PbBrI,H
1810_PdBrI,H
1811_PtBrI,M
1812_SrBrI,H
1813_ZnBrI,H
1814_BaClI,H
1815_BeClI,M
1816_CaClI,H
1817_CdClI,H
1818_CoClI,H
1819_CuClI,H
1820_FeClI,M
1821_MgClI,H
1822_MnClI,M
1823_NiClI,H
1824_PbClI,H
1825_PdClI,H
1826_PtClI,M
1827_SrClI,H
1828_ZnClI,H
1829_BaFI,M
1830_BeFI,M
1831_CaFI,M
1832_CdFI,M
1833_CoFI,M
1834_CuFI,M
1835_FeFI,M
1836_MgFI,M
1837_MnFI,M
1838_NiFI,M
1839_PbFI,H
1840_PdFI,M
1841_PtFI,M
1842_SrFI,M
1843_ZnFI,M
1844_BaBrCN,M
1845_BeBrCN,M
1846_CaBrCN,M
1847_CdBrCN,M
1848_CoBrCN,L
1849_CuBrCN,L
1850_FeBrCN,L
1851_MgBrCN,M
1852_MnBrCN,M
1853_NiBrCN,L
1854_PbBrCN,M
1855_PdBrCN,L
1856_PtBrCN,L
1857_SrBrCN,M
1858_ZnBrCN,M
1859_BaCClN,M
1860_BeCClN,M
1861_CaCClN,M
1862_CdCClN,M
1863_CoCClN,M
1864_CuCClN,L
1865_FeCClN,L
1866_MgCClN,M
1867_MnCClN,M
1868_NiCClN,M
1869_PbCClN,M
1870_PdCClN,L
1871_PtCClN,L
1872_SrCClN,M
1873_ZnCClN,M
1874_BaC2N2,M
1875_BeC2N2,L
1876_CaC2N2,M
1877_CdC2N2,L
1878_CoC2N2,L
1879_CuC2N2,L
1880_FeC2N2,L
1881_MgC2N2,M
1882_MnC2N2,L
1883_NiC2N2,L
1884_PbC2N2,L
1885_PdC2N2,L
1886_PtC2N2,L
1887_SrC2N2,M
1888_ZnC2N2,L
1889_BaCFN,M
1890_BeCFN,M
1891_CaCFN,M
1892_CdCFN,M
1893_CoCFN,M
1894_CuCFN,M
1895_FeCFN,M
1896_MgCFN,M
1897_MnCFN,M
1898_NiCFN,M
1899_PbCFN,M
1900_PdCFN,L
1901_PtCFN,L
1902_SrCFN,M
1903_ZnCFN,M
1904_BaCIN,M
1905_BeCIN,L
1906_CaCIN,M
1907_CdCIN,L
1908_CoCIN,L
1909_CuCIN,L
1910_FeCIN,L
1911_MgCIN,M
1912_MnCIN,M
1913_NiCIN,L
1914_PbCIN,L
1915_PdCIN,L
1916_PtCIN,L
1917_SrCIN,M
1918_ZnCIN,L
1919_BaBrCNO,M
1920_BeBrCNO,M
1921_CaBrCNO,M
1922_CdBrCNO,H
1923_CoBrCNO,H
1924_CuBrCNO,M
1925_FeBrCNO,M
1926_MgBrCNO,M
1927_MnBrCNO,M
1928_NiBrCNO,H
1929_PbBrCNO,M
1930_PdBrCNO,M
1931_PtBrCNO,M
1932_SrBrCNO,M
1933_ZnBrCNO,M
1934_BaCClNO,M
1935_BeCClNO,M
1936_CaCClNO,H
1937_CdCClNO,H
1938_CoCClNO,H
1939_CuCClNO,M
1940_FeCClNO,M
1941_MgCClNO,M
1942_MnCClNO,M
1943_NiCClNO,H
1944_PbCClNO,M
1945_PdCClNO,M
1946_PtCClNO,M
1947_SrCClNO,M
1948_ZnCClNO,H
1949_BaC2N2O,M
1950_BeC2N2O,M
1951_CaC2N2O,M
1952_CdC2N2O,M
1953_CoC2N2O,M
1954_CuC2N2O,L
1955_FeC2N2O,M
1956_MgC2N2O,M
1957_MnC2N2O,M
1958_NiC2N2O,M
1959_PbC2N2O,M
1960_PdC2N2O,L
1961_PtC2N2O,L
1962_SrC2N2O,M
1963_ZnC2N2O,M
1964_BaCFNO,M
1965_BeCFNO,M
1966_CaCFNO,M
1967_CdCFNO,H
1968_CoCFNO,H
1969_CuCFNO,M
1970_FeCFNO,M
1971_MgCFNO,M
1972_MnCFNO,M
1973_NiCFNO,H
1974_PbCFNO,M
1975_PdCFNO,M
1976_PtCFNO,M
1977_SrCFNO,M
1978_ZnCFNO,M
1979_BaCINO,M
1980_BeCINO,M
1981_CaCINO,M
1982_CdCINO,M
1983_CoCINO,M
1984_CuCINO,M
1985_FeCINO,M
1986_MgCINO,M
1987_MnCINO,M
1988_NiCINO,M
1989_PbCINO,H
1990_PdCINO,M
1991_PtCINO,M
1992_SrCINO,M
1993_ZnCINO,M
1994_BaC2N2O,M
1995_BeC2N2O,M
1996_CaC2N2O,M
1997_CdC2N2O,M
1998_CoC2N2O,M
1999_CuC2N2O,L
2000_FeC2N2O,M
2001_MgC2N2O,M
2002_MnC2N2O,M
2003_NiC2N2O,M
2004_PbC2N2O,M
2005_PdC2N2O,L
2006_PtC2N2O,L
2007_SrC2N2O,M
2008_ZnC2N2O,M
2009_BaBrCNS,M
2010_BeBrCNS,M
2011_CaBrCNS,H
2012_CdBrCNS,M
2013_CoBrCNS,M
2014_CuBrCNS,M
2015_FeBrCNS,M
2016_MgBrCNS,H
2017_MnBrCNS,M
2018_NiBrCNS,M
2019_PbBrCNS,M
2020_PdBrCNS,M
2021_PtBrCNS,L
2022_SrBrCNS,H
2023_ZnBrCNS,M
2024_BaCClNS,M
2025_BeCClNS,M
2026_CaCClNS,H
2027_CdCClNS,M
2028_CoCClNS,M
2029_CuCClNS,M
2030_FeCClNS,M
2031_MgCClNS,H
2032_MnCClNS,M
2033_NiCClNS,M
2034_PbCClNS,M
2035_PdCClNS,M
2036_PtCClNS,L
2037_SrCClNS,H
2038_ZnCClNS,M
2039_BaC2N2S,M
2040_BeC2N2S,L
2041_CaC2N2S,M
2042_CdC2N2S,L
2043_CoC2N2S,L
2044_CuC2N2S,L
2045_FeC2N2S,L
2046_MgC2N2S,M
2047_MnC2N2S,L
2048_NiC2N2S,L
2049_PbC2N2S,L
2050_PdC2N2S,L
2051_PtC2N2S,L
2052_SrC2N2S,M
2053_ZnC2N2S,L
2054_BaCFNS,M
2055_BeCFNS,M
2056_CaCFNS,M
2057_CdCFNS,M
2058_CoCFNS,M
2059_CuCFNS,M
2060_FeCFNS,M
2061_MgCFNS,M
2062_MnCFNS,M
2063_NiCFNS,M
2064_PbCFNS,M
2065_PdCFNS,M
2066_PtCFNS,M
2067_SrCFNS,M
2068_ZnCFNS,M
2069_BaCINS,M
2070_BeCINS,M
2071_CaCINS,M
2072_CdCINS,M
2073_CoCINS,L
2074_CuCINS,L
2075_FeCINS,L
2076_MgCINS,M
2077_MnCINS,M
2078_NiCINS,M
2079_PbCINS,M
2080_PdCINS,L
2081_PtCINS,L
2082_SrCINS,H
2083_ZnCINS,M
2084_BaC2N2S,M
2085_BeC2N2S,L
2086_CaC2N2S,M
2087_CdC2N2S,L
2088_CoC2N2S,L
2089_CuC2N2S,L
2090_FeC2N2S,L
2091_MgC2N2S,M
2092_MnC2N2S,L
2093_NiC2N2S,L
2094_BaC2N2OS,M
2095_BeC2N2OS,M
2096_CaC2N2OS,M
2097_CdC2N2OS,M
2098_CoC2N2OS,M
2099_CuC2N2OS,M
2100_FeC2N2OS,M
2101_MgC2N2OS,M
2102_MnC2N2OS,M
2103_NiC2N2OS,M
2104_PbC2N2OS,M
2105_PdC2N2OS,M
2106_PtC2N2OS,L
2107_SrC2N2OS,M
2108_ZnC2N2OS,M
2109_PbC2N2S,L
2110_PdC2N2S,L
2111_PtC2N2S,L
2112_SrC2N2S,M
2113_ZnC2N2S,L
2114_BaBrNO,M
2115_BeBrNO,M
2116_CaBrNO,M
2117_CdBrNO,M
2118_CoBrNO,M
2119_CuBrNO,M
2120_FeBrNO,M
2121_MgBrNO,M
2122_MnBrNO,M
2123_NiBrNO,M
2124_PbBrNO,M
2125_PdBrNO,M
2126_PtBrNO,L
2127_SrBrNO,M
2128_ZnBrNO,M
2129_BaClNO,M
2130_BeClNO,M
2131_CaClNO,M
2132_CdClNO,M
2133_CoClNO,M
2134_CuClNO,M
2135_FeClNO,M
2136_MgClNO,M
2137_MnClNO,M
2138_NiClNO,M
2139_PbClNO,M
2140_PdClNO,M
2141_PtClNO,M
2142_SrClNO,M
2143_ZnClNO,M
2144_BaCN2O,M
2145_BeCN2O,L
2146_CaCN2O,M
2147_CdCN2O,L
2148_CoCN2O,L
2149_CuCN2O,L
2150_FeCN2O,L
2151_MgCN2O,M
2152_MnCN2O,L
2153_NiCN2O,L
2154_PbCN2O,L
2155_PdCN2O,L
2156_PtCN2O,L
2157_SrCN2O,M
2158_ZnCN2O,L
2159_BaFNO,M
2160_BeFNO,M
2161_CaFNO,M
2162_CdFNO,M
2163_CoFNO,M
2164_CuFNO,M
2165_FeFNO,M
2166_MgFNO,M
2167_MnFNO,M
2168_NiFNO,M
2169_PbFNO,M
2170_PdFNO,M
2171_PtFNO,M
2172_SrFNO,M
2173_ZnFNO,M
2174_BaINO,M
2175_BeINO,M
2176_CaINO,M
2177_CdINO,M
2178_CoINO,M
2179_CuINO,L
2180_FeINO,M
2181_MgINO,M
2182_MnINO,M
2183_NiINO,M
2184_PbINO,M
2185_PdINO,M
2186_PtINO,L
2187_SrINO,M
2188_ZnINO,M
2189_BaCN2O,M
2190_BeCN2O,L
2191_CaCN2O,M
2192_CdCN2O,L
2193_CoCN2O,L
2194_CuCN2O,L
2195_FeCN2O,L
2196_MgCN2O,M
2197_MnCN2O,L
2198_NiCN2O,L
2199_BaCN2O2,M
2200_BeCN2O2,M
2201_CaCN2O2,M
2202_CdCN2O2,M
2203_CoCN2O2,M
2204_CuCN2O2,M
2205_FeCN2O2,M
2206_MgCN2O2,M
2207_MnCN2O2,M
2208_NiCN2O2,M
2209_PbCN2O2,M
2210_PdCN2O2,M
2211_PtCN2O2,M
2212_SrCN2O2,M
2213_ZnCN2O2,M
2214_PbCN2O,L
2215_PdCN2O,L
2216_PtCN2O,L
2217_BaCN2OS,M
2218_BeCN2OS,M
2219_CaCN2OS,M
2220_CdCN2OS,L
2221_CoCN2OS,L
2222_CuCN2OS,L
2223_FeCN2OS,M
2224_MgCN2OS,M
2225_MnCN2OS,M
2226_NiCN2OS,M
2227_PbCN2OS,L
2228_PdCN2OS,L
2229_PtCN2OS,L
2230_SrCN2O,M
2231_SrCN2OS,M
2232_ZnCN2OS,M
2233_ZnCN2O,L
2234_BaBrCNO,M
2235_BeBrCNO,M
2236_CaBrCNO,M
2237_CdBrCNO,M
2238_CoBrCNO,M
2239_CuBrCNO,M
2240_FeBrCNO,M
2241_MgBrCNO,M
2242_MnBrCNO,M
2243_NiBrCNO,M
2244_PbBrCNO,M
2245_PdBrCNO,M
2246_PtBrCNO,L
2247_SrBrCNO,M
2248_ZnBrCNO,M
2249_BaCClNO,M
2250_BeCClNO,M
2251_CaCClNO,M
2252_CdCClNO,M
2253_CoCClNO,M
2254_CuCClNO,M
2255_FeCClNO,M
2256_MgCClNO,M
2257_MnCClNO,M
2258_NiCClNO,M
2259_PbCClNO,M
2260_PdCClNO,M
2261_PtCClNO,L
2262_SrCClNO,M
2263_ZnCClNO,M
2264_BaC2N2O,M
2265_BeC2N2O,M
2266_CaC2N2O,M
2267_CdC2N2O,L
2268_CoC2N2O,L
2269_CuC2N2O,L
2270_FeC2N2O,L
2271_MgC2N2O,M
2272_MnC2N2O,M
2273_NiC2N2O,L
2274_PbC2N2O,L
2275_PdC2N2O,L
2276_PtC2N2O,L
2277_SrC2N2O,M
2278_ZnC2N2O,L
2279_BaCFNO,M
2280_BeCFNO,M
2281_CaCFNO,M
2282_CdCFNO,M
2283_CoCFNO,M
2284_CuCFNO,M
2285_FeCFNO,M
2286_MgCFNO,M
2287_MnCFNO,M
2288_NiCFNO,M
2289_PbCFNO,M
2290_PdCFNO,M
2291_PtCFNO,M
2292_SrCFNO,M
2293_ZnCFNO,M
2294_BaCINO,M
2295_BeCINO,M
2296_CaCINO,M
2297_CdCINO,M
2298_CoCINO,M
2299_CuCINO,M
2300_FeCINO,M
2301_MgCINO,M
2302_MnCINO,M
2303_NiCINO,M
2304_PbCINO,M
2305_PdCINO,M
2306_PtCINO,L
2307_SrCINO,M
2308_ZnCINO,M
2309_BaC2N2O,M
2310_BeC2N2O,M
2311_CaC2N2O,M
2312_CdC2N2O,L
2313_CoC2N2O,L
2314_CuC2N2O,L
2315_FeC2N2O,L
2316_MgC2N2O,M
2317_MnC2N2O,L
2318_NiC2N2O,L
2319_BaC2N2O2,M
2320_BeC2N2O2,M
2321_CaC2N2O2,M
2322_CdC2N2O2,M
2323_CoC2N2O2,M
2324_CuC2N2O2,M
2325_FeC2N2O2,M
2326_MgC2N2O2,M
2327_MnC2N2O2,M
2328_NiC2N2O2,M
2329_PbC2N2O2,M
2330_PdC2N2O2,M
2331_PtC2N2O2,M
2332_SrC2N2O2,M
2333_ZnC2N2O2,M
2334_PbC2N2O,L
2335_PdC2N2O,L
2336_PtC2N2O,L
2337_BaC2N2OS,M
2338_BeC2N2OS,M
2339_CaC2N2OS,M
2340_CdC2N2OS,M
2341_CoC2N2OS,M
2342_CuC2N2OS,L
2343_FeC2N2OS,M
2344_MgC2N2OS,M
2345_MnC2N2OS,M
2346_NiC2N2OS,M
2347_PbC2N2OS,M
2348_PdC2N2OS,L
2349_PtC2N2OS,L
2350_SrC2N2O,M
2351_SrC2N2OS,M
2352_ZnC2N2OS,M
2353_ZnC2N2O,M
2354_BaCN2O2,M
2355_BeCN2O2,M
2356_CaCN2O2,M
2357_CdCN2O2,M
2358_CoCN2O2,M
2359_CuCN2O2,M
2360_FeCN2O2,M
2361_MgCN2O2,M
2362_MnCN2O2,M
2363_NiCN2O2,M
2364_PbCN2O2,M
2365_PdCN2O2,M
2366_PtCN2O2,L
2367_SrCN2O2,M
2368_ZnCN2O2,M
2369_BaBrHO,H
2370_BeBrHO,M
2371_CaBrHO,H
2372_CdBrHO,H
2373_CoBrHO,H
2374_CuBrHO,M
2375_FeBrHO,M
2376_MgBrHO,H
2377_MnBrHO,H
2378_NiBrHO,H
2379_PbBrHO,H
2380_PdBrHO,M
2381_PtBrHO,M
2382_SrBrHO,H
2383_ZnBrHO,H
2384_BaClHO,H
2385_BeClHO,M
2386_CaClHO,H
2387_CdClHO,H
2388_CoClHO,H
2389_CuClHO,H
2390_FeClHO,H
2391_MgClHO,H
2392_MnClHO,H
2393_NiClHO,H
2394_PbClHO,H
2395_PdClHO,M
2396_PtClHO,M
2397_SrClHO,H
2398_ZnClHO,H
2399_BaCHNO,M
2400_BeCHNO,M
2401_CaCHNO,M
2402_CdCHNO,M
2403_CoCHNO,M
2404_CuCHNO,M
2405_FeCHNO,M
2406_MgCHNO,M
2407_MnCHNO,M
2408_NiCHNO,M
2409_PbCHNO,M
2410_PdCHNO,M
2411_PtCHNO,L
2412_SrCHNO,M
2413_ZnCHNO,M
2414_BaFHO,H
2415_BeFHO,M
2416_CaFHO,H
2417_CdFHO,H
2418_CoFHO,H
2419_CuFHO,H
2420_FeFHO,H
2421_MgFHO,H
2422_MnFHO,H
2423_NiFHO,H
2424_PbFHO,H
2425_PdFHO,M
2426_PtFHO,M
2427_SrFHO,H
2428_ZnFHO,H
2429_BaHIO,M
2430_BeHIO,M
2431_CaHIO,H
2432_CdHIO,H
2433_CoHIO,M
2434_CuHIO,M
2435_FeHIO,M
2436_MgHIO,M
2437_MnHIO,M
2438_NiHIO,M
2439_PbHIO,H
2440_PdHIO,M
2441_PtHIO,M
2442_SrHIO,H
2443_ZnHIO,M
2444_BaCHNO,M
2445_BeCHNO,M
2446_CaCHNO,M
2447_CdCHNO,M
2448_CoCHNO,M
2449_CuCHNO,M
2450_FeCHNO,M
2451_MgCHNO,M
2452_MnCHNO,M
2453_NiCHNO,M
2454_BaCHNO2,M
2455_BeCHNO2,M
2456_CaCHNO2,M
2457_CdCHNO2,H
2458_CoCHNO2,M
2459_CuCHNO2,M
2460_FeCHNO2,H
2461_MgCHNO2,M
2462_MnCHNO2,M
2463_NiCHNO2,H
2464_PbCHNO2,M
2465_PdCHNO2,M
2466_PtCHNO2,M
2467_SrCHNO2,M
2468_ZnCHNO2,H
2469_PbCHNO,M
2470_PdCHNO,L
2471_PtCHNO,L
2472_BaCHNOS,M
2473_BeCHNOS,M
2474_CaCHNOS,M
2475_CdCHNOS,M
2476_CoCHNOS,M
2477_CuCHNOS,M
2478_FeCHNOS,M
2479_MgCHNOS,M
2480_MnCHNOS,M
2481_NiCHNOS,M
2482_PbCHNOS,M
2483_PdCHNOS,M
2484_PtCHNOS,M
2485_SrCHNO,M
2486_SrCHNOS,M
2487_ZnCHNOS,M
2488_ZnCHNO,M
2489_BaHNO2,M
2490_BeHNO2,M
2491_CaHNO2,M
2492_CdHNO2,M
2493_CoHNO2,M
2494_CuHNO2,M
2495_FeHNO2,M
2496_MgHNO2,M
2497_MnHNO2,M
2498_NiHNO2,M
2499_PbHNO2,M
2500_PdHNO2,M
2501_PtHNO2,M
2502_SrHNO2,M
2503_ZnHNO2,M
2504_BaCHNO2,M
2505_BeCHNO2,M
2506_CaCHNO2,M
2507_CdCHNO2,M
2508_CoCHNO2,M
2509_CuCHNO2,M
2510_FeCHNO2,M
2511_MgCHNO2,M
2512_MnCHNO2,M
2513_NiCHNO2,M
2514_PbCHNO2,M
2515_PdCHNO2,M
2516_PtCHNO2,M
2517_SrCHNO2,M
2518_ZnCHNO2,M
2519_BaCHNOS,M
2520_BeCHNOS,M
2521_CaCHNOS,M
2522_CdCHNOS,M
2523_CoCHNOS,M
2524_CuCHNOS,M
2525_FeCHNOS,M
2526_MgCHNOS,M
2527_MnCHNOS,M
2528_NiCHNOS,M
2529_PbCHNOS,M
2530_PdCHNOS,M
2531_PtCHNOS,M
2532_SrCHNOS,M
2533_ZnCHNOS,M
2534_BaH2OS,M
2535_BeH2OS,M
2536_CaH2OS,M
2537_CdH2OS,M
2538_CoH2OS,M
2539_CuH2OS,M
2540_FeH2OS,M
2541_MgH2OS,M
2542_MnH2OS,M
2543_NiH2OS,M
2544_PbH2OS,M
2545_PdH2OS,M
2546_PtH2OS,M
2547_SrH2OS,M
2548_ZnH2OS,M
2549_BaBrCNS,M
2550_BeBrCNS,M
2551_CaBrCNS,M
2552_CdBrCNS,M
2553_CoBrCNS,M
2554_CuBrCNS,L
2555_FeBrCNS,M
2556_MgBrCNS,M
2557_MnBrCNS,M
2558_NiBrCNS,M
2559_PbBrCNS,M
2560_PdBrCNS,L
2561_PtBrCNS,L
2562_SrBrCNS,M
2563_ZnBrCNS,M
2564_BaCClNS,M
2565_BeCClNS,M
2566_CaCClNS,M
2567_CdCClNS,M
2568_CoCClNS,M
2569_CuCClNS,M
2570_FeCClNS,M
2571_MgCClNS,M
2572_MnCClNS,M
2573_NiCClNS,M
2574_PbCClNS,M
2575_PdCClNS,M
2576_PtCClNS,L
2577_SrCClNS,M
2578_ZnCClNS,M
2579_BaC2N2S,M
2580_BeC2N2S,L
2581_CaC2N2S,M
2582_CdC2N2S,L
2583_CoC2N2S,L
2584_CuC2N2S,L
2585_FeC2N2S,L
2586_MgC2N2S,M
2587_MnC2N2S,L
2588_NiC2N2S,L
2589_PbC2N2S,L
2590_PdC2N2S,L
2591_PtC2N2S,L
2592_SrC2N2S,M
2593_ZnC2N2S,L
2594_BaCFNS,M
2595_BeCFNS,M
2596_CaCFNS,M
2597_CdCFNS,M
2598_CoCFNS,M
2599_CuCFNS,M
2600_FeCFNS,M
2601_MgCFNS,M
2602_MnCFNS,M
2603_NiCFNS,M
2604_PbCFNS,M
2605_PdCFNS,M
2606_PtCFNS,M
2607_SrCFNS,M
2608_ZnCFNS,M
2609_BaCINS,M
2610_BeCINS,M
2611_CaCINS,M
2612_CdCINS,M
2613_CoCINS,L
2614_CuCINS,L
2615_FeCINS,L
2616_MgCINS,M
2617_MnCINS,M
2618_NiCINS,M
2619_PbCINS,M
2620_PdCINS,L
2621_PtCINS,L
2622_SrCINS,M
2623_ZnCINS,M
2624_BaC2N2S,M
2625_BeC2N2S,L
2626_CaC2N2S,M
2627_CdC2N2S,L
2628_CoC2N2S,L
2629_CuC2N2S,L
2630_FeC2N2S,L
2631_MgC2N2S,M
2632_MnC2N2S,L
2633_NiC2N2S,L
2634_BaC2N2OS,M
2635_BeC2N2OS,M
2636_CaC2N2OS,M
2637_CdC2N2OS,M
2638_CoC2N2OS,M
2639_CuC2N2OS,M
2640_FeC2N2OS,M
2641_MgC2N2OS,M
2642_MnC2N2OS,M
2643_NiC2N2OS,M
2644_PbC2N2OS,M
2645_PdC2N2OS,M
2646_PtC2N2OS,L
2647_SrC2N2OS,M
2648_ZnC2N2OS,M
2649_PbC2N2S,L
2650_PdC2N2S,L
2651_PtC2N2S,L
2652_BaC2N2S2,M
2653_BeC2N2S2,L
2654_CaC2N2S2,M
2655_CdC2N2S2,L
2656_CoC2N2S2,L
2657_CuC2N2S2,L
2658_FeC2N2S2,L
2659_MgC2N2S2,M
2660_MnC2N2S2,L
2661_NiC2N2S2,L
2662_PbC2N2S2,L
2663_PdC2N2S2,L
2664_PtC2N2S2,L
2665_SrC2N2S,M
2666_SrC2N2S2,M
2667_ZnC2N2S2,L
2668_ZnC2N2S,L
2669_BaCN2OS,M
2670_BeCN2OS,L
2671_CaCN2OS,M
2672_CdCN2OS,L
2673_CoCN2OS,L
2674_CuCN2OS,L
2675_FeCN2OS,L
2676_MgCN2OS,M
2677_MnCN2OS,M
2678_NiCN2OS,L
2679_PbCN2OS,L
2680_PdCN2OS,L
2681_PtCN2OS,L
2682_SrCN2OS,M
2683_ZnCN2OS,L
2684_BaC2N2OS,M
2685_BeC2N2OS,M
2686_CaC2N2OS,M
2687_CdC2N2OS,M
2688_CoC2N2OS,L
2689_CuC2N2OS,L
2690_FeC2N2OS,L
2691_MgC2N2OS,M
2692_MnC2N2OS,M
2693_NiC2N2OS,M
2694_PbC2N2OS,M
2695_PdC2N2OS,L
2696_PtC2N2OS,L
2697_SrC2N2OS,M
2698_ZnC2N2OS,M
2699_BaBrHS,H
2700_BeBrHS,M
2701_CaBrHS,H
2702_CdBrHS,H
2703_CoBrHS,M
2704_CuBrHS,M
2705_FeBrHS,M
2706_MgBrHS,H
2707_MnBrHS,M
2708_NiBrHS,H
2709_PbBrHS,H
2710_PdBrHS,M
2711_PtBrHS,M
2712_SrBrHS,H
2713_ZnBrHS,M
2714_BaClHS,H
2715_BeClHS,M
2716_CaClHS,H
2717_CdClHS,H
2718_CoClHS,M
2719_CuClHS,M
2720_FeClHS,M
2721_MgClHS,H
2722_MnClHS,M
2723_NiClHS,H
2724_PbClHS,H
2725_PdClHS,M
2726_PtClHS,M
2727_SrClHS,H
2728_ZnClHS,M
2729_BaCHNS,M
2730_BeCHNS,L
2731_CaCHNS,M
2732_CdCHNS,L
2733_CoCHNS,L
2734_CuCHNS,L
2735_FeCHNS,L
2736_MgCHNS,M
2737_MnCHNS,L
2738_NiCHNS,L
2739_PbCHNS,L
2740_PdCHNS,L
2741_PtCHNS,L
2742_SrCHNS,M
2743_ZnCHNS,L
2744_BaFHS,M
2745_BeFHS,M
2746_CaFHS,M
2747_CdFHS,M
2748_CoFHS,M
2749_CuFHS,M
2750_FeFHS,M
2751_MgFHS,M
2752_MnFHS,M
2753_NiFHS,M
2754_PbFHS,M
2755_PdFHS,M
2756_PtFHS,M
2757_SrFHS,M
2758_ZnFHS,M
2759_BaHIS,H
2760_BeHIS,M
2761_CaHIS,H
2762_CdHIS,H
2763_CoHIS,M
2764_CuHIS,M
2765_FeHIS,M
2766_MgHIS,H
2767_MnHIS,M
2768_NiHIS,H
2769_PbHIS,H
2770_PdHIS,M
2771_PtHIS,M
2772_SrHIS,H
2773_ZnHIS,M
2774_BaCHNS,M
2775_BeCHNS,M
2776_CaCHNS,M
2777_CdCHNS,L
2778_CoCHNS,L
2779_CuCHNS,L
2780_FeCHNS,L
2781_MgCHNS,M
2782_MnCHNS,L
2783_NiCHNS,L
2784_BaCHNOS,M
2785_BeCHNOS,M
2786_CaCHNOS,M
2787_CdCHNOS,M
2788_CoCHNOS,M
2789_CuCHNOS,M
2790_FeCHNOS,M
2791_MgCHNOS,M
2792_MnCHNOS,M
2793_NiCHNOS,M
2794_PbCHNOS,M
2795_PdCHNOS,M
2796_PtCHNOS,M
2797_SrCHNOS,M
2798_ZnCHNOS,M
2799_PbCHNS,L
2800_PdCHNS,L
2801_PtCHNS,L
2802_BaCHNS2,M
2803_BeCHNS2,M
2804_CaCHNS2,M
2805_CdCHNS2,M
2806_CoCHNS2,M
2807_CuCHNS2,L
2808_FeCHNS2,M
2809_MgCHNS2,M
2810_MnCHNS2,M
2811_NiCHNS2,M
2812_PbCHNS2,M
2813_PdCHNS2,L
2814_PtCHNS2,L
2815_SrCHNS,M
2816_SrCHNS2,M
2817_ZnCHNS2,M
2818_ZnCHNS,L
2819_BaHNOS,M
2820_BeHNOS,M
2821_CaHNOS,M
2822_CdHNOS,M
2823_CoHNOS,M
2824_CuHNOS,M
2825_FeHNOS,M
2826_MgHNOS,M
2827_MnHNOS,M
2828_NiHNOS,M
2829_PbHNOS,M
2830_PdHNOS,M
2831_PtHNOS,M
2832_SrHNOS,M
2833_ZnHNOS,M
2834_BaCHNOS,M
2835_BeCHNOS,M
2836_CaCHNOS,M
2837_CdCHNOS,M
2838_CoCHNOS,M
2839_CuCHNOS,M
2840_FeCHNOS,M
2841_MgCHNOS,M
2842_MnCHNOS,M
2843_NiCHNOS,M
2844_PbCHNOS,M
2845_PdCHNOS,M
2846_PtCHNOS,M
2847_SrCHNOS,M
2848_ZnCHNOS,M
2849_BaCHNS2,M
2850_BeCHNS2,M
2851_CaCHNS2,M
2852_CdCHNS2,M
2853_CoCHNS2,M
2854_CuCHNS2,L
2855_FeCHNS2,M
2856_MgCHNS2,M
2857_MnCHNS2,M
2858_NiCHNS2,M
2859_PbCHNS2,M
2860_PdCHNS2,L
2861_PtCHNS2,L
2862_SrCHNS2,M
2863_ZnCHNS2,M
2864_CeHNO,H
2865_GeHNO,H
2866_HfHNO,H
2867_IrHNO,M
2868_MoHNO,M
2869_OsHNO,M
2870_PdHNO,M
2871_PtHNO,M
2872_ReHNO,M
2873_RuHNO,M
2874_SnHNO,H
2875_TcHNO,M
2876_HNOTe,M
2877_TiHNO,H
2878_WHNO,M
2879_ZrHNO,M
2880_CeH2NP,M
2881_GeH2NP,L
2882_HfH2NP,M
2883_IrH2NP,M
2884_MoH2NP,M
2885_OsH2NP,L
2886_PdH2NP,M
2887_PtH2NP,M
2888_ReH2NP,M
2889_RuH2NP,M
2890_SnH2NP,M
2891_TcH2NP,M
2892_H2NPTe,L
2893_TiH2NP,M
2894_WH2NP,M
2895_ZrH2NP,M
2896_CeHNS,H
2897_GeHNS,M
2898_HfHNS,H
2899_IrHNS,M
2900_MoHNS,M
2901_OsHNS,M
2902_PdHNS,M
2903_PtHNS,M
2904_ReHNS,M
2905_RuHNS,M
2906_SnHNS,M
2907_TcHNS,M
2908_HNSTe,L
2909_TiHNS,H
2910_WHNS,M
2911_ZrHNS,M
2912_CeHNSe,H
2913_GeHNSe,M
2914_HfHNSe,H
2915_IrHNSe,M
2916_MoHNSe,M
2917_OsHNSe,L
2918_PdHNSe,M
2919_PtHNSe,M
2920_ReHNSe,M
2921_RuHNSe,M
2922_SnHNSe,M
2923_TcHNSe,H
2924_HNSeTe,L
2925_TiHNSe,H
2926_WHNSe,M
2927_ZrHNSe,H
2928_CeHNTe,H
2929_GeHNTe,M
2930_HfHNTe,M
2931_IrHNTe,L
2932_MoHNTe,M
2933_OsHNTe,L
2934_PdHNTe,L
2935_PtHNTe,M
2936_ReHNTe,M
2937_RuHNTe,M
2938_SnHNTe,M
2939_TcHNTe,M
2940_TiHNTe,M
2941_WHNTe,M
2942_ZrHNTe,M
2943_CeOS,H
2944_GeOS,M
2945_HfOS,M
2946_IrOS,M
2947_MoOS,M
2948_OsOS,M
2949_PdOS,M
2950_PtOS,M
2951_ReOS,M
2952_RuOS,M
2953_SnOS,M
2954_TcOS,M
2955_OSTe,M
2956_TiOS,H
2957_WOS,M
2958_ZrOS,M
2959_CeOSe,H
2960_GeOSe,M
2961_HfOSe,M
2962_IrOSe,M
2963_MoOSe,M
2964_OsOSe,M
2965_PdOSe,M
2966_PtOSe,M
2967_ReOSe,M
2968_RuOSe,M
2969_SnOSe,M
2970_TcOSe,M
2971_OSeTe,M
2972_TiOSe,H
2973_WOSe,M
2974_ZrOSe,M
2975_CeOTe,H
2976_GeOTe,M
2977_HfOTe,M
2978_IrOTe,M
2979_MoOTe,M
2980_OsOTe,M
2981_PdOTe,M
2982_PtOTe,M
2983_ReOTe,M
2984_RuOTe,M
2985_SnOTe,M
2986_TcOTe,M
2987_TiOTe,M
2988_WOTe,M
2989_ZrOTe,M
2990_CeHOP,M
2991_GeHOP,M
2992_HfHOP,M
2993_IrHOP,M
2994_MoHOP,M
2995_OsHOP,M
2996_PdHOP,M
2997_PtHOP,M
2998_ReHOP,M
2999_RuHOP,M
3000_SnHOP,M
3001_TcHOP,M
3002_HOPTe,M
3003_TiHOP,M
3004_WHOP,M
3005_ZrHOP,M
3006_CeHPS,M
3007_GeHPS,M
3008_HfHPS,M
3009_IrHPS,M
3010_MoHPS,M
3011_OsHPS,M
3012_PdHPS,M
3013_PtHPS,M
3014_ReHPS,M
3015_RuHPS,M
3016_SnHPS,M
3017_TcHPS,M
3018_HPSTe,L
3019_TiHPS,M
3020_WHPS,M
3021_ZrHPS,M
3022_CeHPSe,M
3023_GeHPSe,M
3024_HfHPSe,M
3025_IrHPSe,M
3026_MoHPSe,M
3027_OsHPSe,M
3028_PdHPSe,M
3029_PtHPSe,M
3030_ReHPSe,M
3031_RuHPSe,M
3032_SnHPSe,M
3033_TcHPSe,M
3034_HPSeTe,L
3035_TiHPSe,M
3036_WHPSe,M
3037_ZrHPSe,M
3038_CeHPTe,M
3039_GeHPTe,M
3040_HfHPTe,M
3041_IrHPTe,M
3042_MoHPTe,M
3043_OsHPTe,M
3044_PdHPTe,M
3045_PtHPTe,M
3046_ReHPTe,M
3047_RuHPTe,M
3048_SnHPTe,M
3049_TcHPTe,M
3050_TiHPTe,M
3051_WHPTe,M
3052_ZrHPTe,M
3053_CeSSe,H
3054_GeSSe,H
3055_HfSSe,H
3056_IrSSe,M
3057_MoSSe,M
3058_OsSSe,M
3059_PdSSe,H
3060_PtSSe,H
3061_ReSSe,M
3062_RuSSe,M
3063_SnSSe,H
3064_TcSSe,H
3065_SSeTe,H
3066_TiSSe,H
3067_WSSe,M
3068_ZrSSe,H
3069_CeSTe,M
3070_GeSTe,M
3071_HfSTe,H
3072_IrSTe,M
3073_MoSTe,M
3074_OsSTe,M
3075_PdSTe,H
3076_PtSTe,H
3077_ReSTe,M
3078_RuSTe,M
3079_SnSTe,H
3080_TcSTe,H
3081_TiSTe,H
3082_WSTe,M
3083_ZrSTe,H
3084_CeSeTe,H
3085_GeSeTe,H
3086_HfSeTe,H
3087_IrSeTe,H
3088_MoSeTe,M
3089_OsSeTe,M
3090_PdSeTe,H
3091_PtSeTe,H
3092_ReSeTe,M
3093_RuSeTe,M
3094_SnSeTe,H
3095_TcSeTe,H
3096_TiSeTe,H
3097_WSeTe,M
3098_ZrSeTe,H
