"0_BaH2O2",-1.867701694,"OH-OH-Ba"
"1_BeH2O2",-1.599390836,"OH-OH-Be"
"2_CaH2O2",-2.013624906,"OH-OH-Ca"
"3_CdH2O2",-1.116737622,"OH-OH-Cd"
"4_CoH2O2",-0.995600362,"OH-OH-Co"
"5_CuH2O2",-0.805399114,"OH-OH-Cu"
"6_FeH2O2",-1.035061092,"OH-OH-Fe"
"7_MgH2O2",-1.878757444,"OH-OH-Mg"
"8_MnH2O2",-1.085342614,"OH-OH-Mn"
"9_NiH2O2",-1.143484612,"OH-OH-Ni"
"10_PbH2O2",-0.993897716,"OH-OH-Pb"
"11_PdH2O2",-0.540211852,"OH-OH-Pd"
"12_PtH2O2",-0.306465232,"OH-OH-Pt"
"13_SrH2O2",-1.959232812,"OH-OH-Sr"
"14_ZnH2O2",-1.232251728,"OH-OH-Zn"
"15_AlHO2",-2.3612612425,"OH-O-Al"
"16_BiHO2",-0.9520547425,"OH-O-Bi"
"17_CeHO2",-2.5852090175,"OH-O-Ce"
"18_CoHO2",-1.143992335,"OH-O-Co"
"19_CrHO2",-1.8302099125,"OH-O-Cr"
"20_FeHO2",-1.21246382,"OH-O-Fe"
"21_GaHO2",-1.5571532375,"OH-O-Ga"
"22_GdHO2",-2.5797172425,"OH-O-Gd"
"23_InHO2",-1.40686313,"OH-O-In"
"24_IrHO2",-0.54994648,"OH-O-Ir"
"25_LaHO2",-2.65532639,"OH-O-La"
"26_LuHO2",-2.79215112,"OH-O-Lu"
"27_NdHO2",-2.5960248825,"OH-O-Nd"
"28_RhHO2",-0.8446511925,"OH-O-Rh"
"29_RuHO2",-0.803266135,"OH-O-Ru"
"30_ScHO2",-2.7166293475,"OH-O-Sc"
"31_SmHO2",-2.63517754,"OH-O-Sm"
"32_YHO2",-2.736906235,"OH-O-Y"
"33_CeO2",-3.4898760933,"O-O-Ce"
"34_GeO2",-1.67664236,"O-O-Ge"
"35_HfO2",-3.6165165333,"O-O-Hf"
"36_IrO2",-0.6200343767,"O-O-Ir"
"37_MoO2",-1.6936549,"O-O-Mo"
"38_OsO2",-0.56374549,"O-O-Os"
"39_PdO2",-0.5388617967,"O-O-Pd"
"40_PtO2",-0.6804876867,"O-O-Pt"
"41_ReO2",-1.0371623533,"O-O-Re"
"42_RuO2",-0.9438203933,"O-O-Ru"
"43_SnO2",-1.65742134,"O-O-Sn"
"44_TcO2",-1.4636238467,"O-O-Tc"
"45_O2Te",-0.64752092,"O-O-Te"
"46_TiO2",-3.20106069,"O-O-Ti"
"47_WO2",-1.6775540233,"O-O-W"
"48_ZrO2",-3.53530104,"O-O-Zr"
"50_BiH2NO",-0.311334838,"NH-OH-Bi"
"51_CeH2NO",-1.461168738,"NH-OH-Ce"
"56_GdH2NO",-1.445005934,"NH-OH-Gd"
"59_LaH2NO",-1.471963264,"NH-OH-La"
"61_NdH2NO",-1.440855868,"NH-OH-Nd"
"66_YH2NO",-1.561544658,"NH-OH-Y"
"67_AlH2OP",-0.644612126,"PH-OH-Al"
"68_BiH2OP",-0.321120976,"PH-OH-Bi"
"69_CeH2OP",-1.082619484,"PH-OH-Ce"
"73_GaH2OP",-0.412116236,"PH-OH-Ga"
"74_GdH2OP",-1.080016134,"PH-OH-Gd"
"75_InH2OP",-0.432257412,"PH-OH-In"
"77_LaH2OP",-1.149278024,"PH-OH-La"
"78_LuH2OP",-1.120553858,"PH-OH-Lu"
"79_NdH2OP",-1.099370058,"PH-OH-Nd"
"82_ScH2OP",-1.095244824,"PH-OH-Sc"
"83_SmH2OP",-1.104418704,"PH-OH-Sm"
"84_YH2OP",-1.138098446,"PH-OH-Y"
"86_BiHOS",-0.6702623468,"S-OH-Bi"
"87_CeHOS",-1.9222615118,"S-OH-Ce"
"92_GdHOS",1.2645031308,"S-OH-Gd"
"93_InHOS",-0.9363899967,"S-OH-In"
"95_LaHOS",-2.0064491118,"S-OH-La"
"96_LuHOS",-1.9928065418,"S-OH-Lu"
"97_NdHOS",-1.9388926118,"S-OH-Nd"
"101_SmHOS",-1.9520811243,"S-OH-Sm"
"102_YHOS",-2.0120427368,"S-OH-Y"
"103_AlHOSe",-1.128779025,"Se-OH-Al"
"104_BiHOSe",-0.67766025,"Se-OH-Bi"
"105_CeHOSe",-1.8255488825,"Se-OH-Ce"
"106_CoHOSe",-0.740472975,"Se-OH-Co"
"107_CrHOSe",-1.032374905,"Se-OH-Cr"
"108_FeHOSe",-0.648076875,"Se-OH-Fe"
"109_GaHOSe",-0.77849217,"Se-OH-Ga"
"110_GdHOSe",-1.80769543,"Se-OH-Gd"
"111_InHOSe",-0.850699475,"Se-OH-In"
"112_IrHOSe",-0.540000155,"Se-OH-Ir"
"113_LaHOSe",-1.9064751425,"Se-OH-La"
"114_LuHOSe",-1.84932126,"Se-OH-Lu"
"115_NdHOSe",-3.1942368475,"Se-OH-Nd"
"116_RhHOSe",-0.75593555,"Se-OH-Rh"
"117_RuHOSe",-0.5031183425,"Se-OH-Ru"
"118_ScHOSe",-1.78666711,"Se-OH-Sc"
"119_SmHOSe",-1.84193738,"Se-OH-Sm"
"120_YHOSe",-1.88811617,"Se-OH-Y"
"121_AlHOTe",-0.79127126,"Te-OH-Al"
"122_BiHOTe",-0.636405785,"Te-OH-Bi"
"123_CeHOTe",-1.8794916125,"Te-OH-Ce"
"124_CoHOTe",-0.5862080425,"Te-OH-Co"
"125_CrHOTe",-0.9526680025,"Te-OH-Cr"
"126_FeHOTe",-0.61595809,"Te-OH-Fe"
"127_GaHOTe",-0.5006949875,"Te-OH-Ga"
"128_GdHOTe",-1.6383485425,"Te-OH-Gd"
"129_InHOTe",-0.645627105,"Te-OH-In"
"130_IrHOTe",-0.4712498475,"Te-OH-Ir"
"131_LaHOTe",-1.7023261925,"Te-OH-La"
"132_LuHOTe",-1.578919765,"Te-OH-Lu"
"133_NdHOTe",-1.6299020975,"Te-OH-Nd"
"134_RhHOTe",-0.7008556,"Te-OH-Rh"
"135_RuHOTe",-0.3999370325,"Te-OH-Ru"
"136_ScHOTe",-1.532773465,"Te-OH-Sc"
"137_SmHOTe",-1.6130867225,"Te-OH-Sm"
"138_YHOTe",-1.6310814825,"Te-OH-Y"
"319_CeH2N2",-0.872248674,"NH-NH-Ce"
"320_GeH2N2",-0.18917439,"NH-NH-Ge"
"321_HfH2N2",-1.033679376,"NH-NH-Hf"
"322_IrH2N2",0.173421056,"NH-NH-Ir"
"323_MoH2N2",-0.277440336,"NH-NH-Mo"
"324_OsH2N2",0.23723256,"NH-NH-Os"
"325_PdH2N2",0.205951562,"NH-NH-Pd"
"326_PtH2N2",0.007987332,"NH-NH-Pt"
"327_ReH2N2",0.007383006,"NH-NH-Re"
"328_RuH2N2",0.04989361,"NH-NH-Ru"
"329_SnH2N2",-0.16268836,"NH-NH-Sn"
"330_TcH2N2",-0.080653282,"NH-NH-Tc"
"331_H2N2Te",0.436821836,"NH-NH-Te"
"332_TiH2N2",-0.863959632,"NH-NH-Ti"
"333_WH2N2",-0.272272426,"NH-NH-W"
"334_ZrH2N2",-0.971547746,"NH-NH-Zr"
"335_CeH2P2",-0.37928788,"PH-PH-Ce"
"336_GeH2P2",0.280636896,"PH-PH-Ge"
"337_HfH2P2",-0.336832664,"PH-PH-Hf"
"338_IrH2P2",-0.260864708,"PH-PH-Ir"
"339_MoH2P2",-0.09374398,"PH-PH-Mo"
"340_OsH2P2",0.024826144,"PH-PH-Os"
"341_PdH2P2",-0.056819918,"PH-PH-Pd"
"342_PtH2P2",-0.32666184,"PH-PH-Pt"
"343_ReH2P2",0.091966836,"PH-PH-Re"
"344_RuH2P2",-0.053367674,"PH-PH-Ru"
"345_SnH2P2",0.17911421,"PH-PH-Sn"
"346_TcH2P2",-0.012201358,"PH-PH-Tc"
"347_H2P2Te",0.39302581,"PH-PH-Te"
"348_TiH2P2",-0.282801776,"PH-PH-Ti"
"349_WH2P2",-0.01062999,"PH-PH-W"
"350_ZrH2P2",-0.346264568,"PH-PH-Zr"
"351_CeS2",-1.8923836313,"S-S-Ce"
"352_GeS2",-0.223975258,"S-S-Ge"
"353_HfS2",-1.760390918,"S-S-Hf"
"354_IrS2",-0.2752142847,"S-S-Ir"
"355_MoS2",-0.6205398747,"S-S-Mo"
"356_OsS2",0.0252655353,"S-S-Os"
"357_PdS2",-0.2511470647,"S-S-Pd"
"358_PtS2",-0.5163082947,"S-S-Pt"
"359_ReS2",-0.1530821547,"S-S-Re"
"360_RuS2",-0.2175198347,"S-S-Ru"
"361_SnS2",-0.4464822747,"S-S-Sn"
"362_TcS2",-0.334471388,"S-S-Tc"
"363_S2Te",-1.66413333317905E-005,"S-S-Te"
"364_TiS2",-1.4738246613,"S-S-Ti"
"365_WS2",-0.5362923047,"S-S-W"
"366_ZrS2",-1.7689884513,"S-S-Zr"
"367_CeSe2",-1.7034721633,"Se-Se-Ce"
"368_GeSe2",-0.1088241233,"Se-Se-Ge"
"369_HfSe2",-1.4746553467,"Se-Se-Hf"
"370_IrSe2",-0.2053248033,"Se-Se-Ir"
"371_MoSe2",-0.41638306,"Se-Se-Mo"
"372_OsSe2",0.1640885533,"Se-Se-Os"
"373_PdSe2",-0.2899102833,"Se-Se-Pd"
"374_PtSe2",-0.51375614,"Se-Se-Pt"
"375_ReSe2",0.04660284,"Se-Se-Re"
"376_RuSe2",-0.1325578133,"Se-Se-Ru"
"377_SnSe2",-0.3580040033,"Se-Se-Sn"
"378_TcSe2",-0.1985157333,"Se-Se-Tc"
"379_Se2Te",-0.0723425033,"Se-Se-Te"
"380_TiSe2",-1.2483220233,"Se-Se-Ti"
"381_WSe2",-0.2542250733,"Se-Se-W"
"382_ZrSe2",-1.5213829267,"Se-Se-Zr"
"383_CeTe2",-1.29231081,"Te-Te-Ce"
"384_GeTe2",0.0177108633,"Te-Te-Ge"
"385_HfTe2",-0.97197191,"Te-Te-Hf"
"386_IrTe2",-0.3676483233,"Te-Te-Ir"
"387_MoTe2",-0.1939881667,"Te-Te-Mo"
"388_OsTe2",0.10159672,"Te-Te-Os"
"389_PdTe2",-0.4003741233,"Te-Te-Pd"
"390_PtTe2",-0.6220012767,"Te-Te-Pt"
"391_ReTe2",0.2213317433,"Te-Te-Re"
"392_RuTe2",-0.1601993067,"Te-Te-Ru"
"393_SnTe2",-0.1621813433,"Te-Te-Sn"
"394_TcTe2",-0.1064729567,"Te-Te-Tc"
"395_TiTe2",-0.8569154633,"Te-Te-Ti"
"396_WTe2",0.06218692,"Te-Te-W"
"397_ZrTe2",-1.07013484,"Te-Te-Zr"
"599_CoH2NS",-0.0338581194,"NH-SH-Co"
"600_CrH2NS",-0.2836572554,"NH-SH-Cr"
"601_FeH2NS",0.0439351466,"NH-SH-Fe"
"602_GaH2NS",-0.1810444474,"NH-SH-Ga"
"605_IrH2NS",0.0311976486,"NH-SH-Ir"
"606_LaH2NS",-0.9789794534,"NH-SH-La"
"607_LuH2NS",-1.0286847714,"NH-SH-Lu"
"608_NdH2NS",-0.9433464634,"NH-SH-Nd"
"609_RhH2NS",-0.0210960014,"NH-SH-Rh"
"610_RuH2NS",0.1344908046,"NH-SH-Ru"
"611_ScH2NS",-0.9696173274,"NH-SH-Sc"
"612_SmH2NS",-0.9624366914,"NH-SH-Sm"
"613_YH2NS",-1.0233343874,"NH-SH-Y"
"614_AlBrO",-2.05600653,"O-Br-Al"
"615_BiBrO",-0.91276069,"O-Br-Bi"
"617_CoBrO",-0.6225321833,"O-Br-Co"
"618_CrBrO",-1.5811585233,"O-Br-Cr"
"619_FeBrO",-0.9677817867,"O-Br-Fe"
"620_GaBrO",-1.2374885033,"O-Br-Ga"
"621_GdBrO",-2.94798618,"O-Br-Gd"
"622_InBrO",-1.3005666833,"O-Br-In"
"623_IrBrO",-0.0198724567,"O-Br-Ir"
"624_LaBrO",-3.0778758033,"O-Br-La"
"625_LuBrO",-3.0768081567,"O-Br-Lu"
"626_NdBrO",-2.97076099,"O-Br-Nd"
"627_RhBrO",-0.4287946733,"O-Br-Rh"
"628_RuBrO",-0.4007865967,"O-Br-Ru"
"629_ScBrO",-2.9256611733,"O-Br-Sc"
"630_SmBrO",-2.9935574733,"O-Br-Sm"
"631_YBrO",-3.0813350667,"O-Br-Y"
"632_AlClO",-2.4174749233,"O-Cl-Al"
"633_BiClO",-1.00844065,"O-Cl-Bi"
"634_CeClO",-3.11595516,"O-Cl-Ce"
"635_CoClO",-0.85516846,"O-Cl-Co"
"636_CrClO",-1.8597112967,"O-Cl-Cr"
"637_FeClO",-1.0258080033,"O-Cl-Fe"
"638_GaClO",-1.51159934,"O-Cl-Ga"
"639_GdClO",-2.08208508,"O-Cl-Gd"
"640_InClO",-1.4762083767,"O-Cl-In"
"641_IrClO",-0.2178420967,"O-Cl-Ir"
"642_LaClO",-3.2301026167,"O-Cl-La"
"643_LuClO",-3.2829682433,"O-Cl-Lu"
"644_NdClO",-3.12747688,"O-Cl-Nd"
"645_RhClO",-0.6517004333,"O-Cl-Rh"
"646_RuClO",-0.6111303267,"O-Cl-Ru"
"647_ScClO",-3.1446609033,"O-Cl-Sc"
"648_SmClO",-3.15819478,"O-Cl-Sm"
"649_YClO",-3.2625184633,"O-Cl-Y"
"650_AlCNO",-0.9035375525,"O-CN-Al"
"651_BiCNO",0.1424488325,"O-CN-Bi"
"653_CoCNO",0.116478935,"O-CN-Co"
"654_CrCNO",-0.4992039725,"O-CN-Cr"
"655_FeCNO",0.010995685,"O-CN-Fe"
"656_GaCNO",-0.2068886575,"O-CN-Ga"
"657_GdCNO",-0.367621905,"O-CN-Gd"
"658_InCNO",-0.1577305825,"O-CN-In"
"659_IrCNO",0.455668725,"O-CN-Ir"
"660_LaCNO",-1.4628383725,"O-CN-La"
"661_LuCNO",-1.504120015,"O-CN-Lu"
"662_NdCNO",-1.3829970325,"O-CN-Nd"
"664_RuCNO",0.26215324,"O-CN-Ru"
"665_ScCNO",-1.40443987,"O-CN-Sc"
"666_SmCNO",-1.405445845,"O-CN-Sm"
"667_YCNO",-1.487229025,"O-CN-Y"
"668_AlFO",-3.37681044,"O-F-Al"
"669_BiFO",-1.5629625633,"O-F-Bi"
"671_CoFO",-1.6888999067,"O-F-Co"
"672_CrFO",-2.65667634,"O-F-Cr"
"673_FeFO",-1.81859102,"O-F-Fe"
"674_GaFO",-2.2809442567,"O-F-Ga"
"675_GdFO",-3.7747190467,"O-F-Gd"
"676_InFO",-2.0980282433,"O-F-In"
"677_IrFO",-0.7506637633,"O-F-Ir"
"678_LaFO",-3.89178338,"O-F-La"
"679_LuFO",-4.0053765633,"O-F-Lu"
"680_NdFO",-3.7822619233,"O-F-Nd"
"681_RhFO",-1.2501264533,"O-F-Rh"
"682_RuFO",-1.20936487,"O-F-Ru"
"683_ScFO",-3.8862465967,"O-F-Sc"
"684_SmFO",-3.8248330333,"O-F-Sm"
"685_YFO",-3.9517671867,"O-F-Y"
"686_AlIO",-1.4344877467,"O-I-Al"
"687_BiIO",-0.72487779,"O-I-Bi"
"689_CoIO",-0.49991181,"O-I-Co"
"690_CrIO",-1.03960031,"O-I-Cr"
"691_FeIO",-0.6865328067,"O-I-Fe"
"692_GaIO",-0.7648086633,"O-I-Ga"
"695_IrIO",0.22212749,"O-I-Ir"
"696_LaIO",-2.8169101667,"O-I-La"
"697_LuIO",-2.7029572267,"O-I-Lu"
"698_NdIO",-2.69585834,"O-I-Nd"
"699_RhIO",-0.09453677,"O-I-Rh"
"700_RuIO",-0.0474071433,"O-I-Ru"
"701_ScIO",-2.52852684,"O-I-Sc"
"702_SmIO",-2.70158252,"O-I-Sm"
"703_YIO",-2.7568497967,"O-I-Y"
"704_AlCNO",-1.0456425325,"O-NC-Al"
"705_BiCNO",0.1373284725,"O-NC-Bi"
"707_CoCNO",0.10507304,"O-NC-Co"
"708_CrCNO",-0.5680714275,"O-NC-Cr"
"709_FeCNO",-0.0074000725,"O-NC-Fe"
"710_GaCNO",-0.2914239925,"O-NC-Ga"
"711_GdCNO",-0.459773205,"O-NC-Gd"
"712_InCNO",-0.21511471,"O-NC-In"
"713_IrCNO",0.6184055725,"O-NC-Ir"
"714_LaCNO",-1.5520249725,"O-NC-La"
"715_LuCNO",-1.6162787225,"O-NC-Lu"
"716_NdCNO",-1.4762638375,"O-NC-Nd"
"717_AlCNO2",-1.596855636,"O-NCO-Al"
"718_BiCNO2",-0.595201214,"O-NCO-Bi"
"720_CoCNO2",-0.6582304,"O-NCO-Co"
"721_CrCNO2",-1.23539036,"O-NCO-Cr"
"722_FeCNO2",-0.743104462,"O-NCO-Fe"
"723_GaCNO2",-0.997846884,"O-NCO-Ga"
"724_GdCNO2",-1.085514116,"O-NCO-Gd"
"725_InCNO2",-0.921200652,"O-NCO-In"
"726_IrCNO2",-0.249275944,"O-NCO-Ir"
"728_LuCNO2",-2.016815604,"O-NCO-Lu"
"729_NdCNO2",-1.886987882,"O-NCO-Nd"
"730_RhCNO2",-0.501831638,"O-NCO-Rh"
"731_RuCNO2",-0.465817374,"O-NCO-Ru"
"732_ScCNO2",-1.953830484,"O-NCO-Sc"
"733_SmCNO2",-1.913274694,"O-NCO-Sm"
"734_YCNO2",-1.99152991,"O-NCO-Y"
"735_RhCNO",0.29214566,"O-NC-Rh"
"736_RuCNO",0.353720485,"O-NC-Ru"
"737_AlCNOS",-0.9604098394,"O-NCS-Al"
"738_BiCNOS",-0.1510818234,"O-NCS-Bi"
"739_ScCNO",-1.51736936,"O-NC-Sc"
"741_CoCNOS",-0.0479252654,"O-NCS-Co"
"742_CrCNOS",-0.5606431074,"O-NCS-Cr"
"743_FeCNOS",-0.1381598614,"O-NCS-Fe"
"744_GaCNOS",-0.4144318334,"O-NCS-Ga"
"745_GdCNOS",-0.6136775194,"O-NCS-Gd"
"746_InCNOS",-0.4167935494,"O-NCS-In"
"747_IrCNOS",0.2392482706,"O-NCS-Ir"
"748_LaCNOS",-1.4820324694,"O-NCS-La"
"749_LuCNOS",-1.5267937514,"O-NCS-Lu"
"750_SmCNO",-1.49833213,"O-NC-Sm"
"751_NdCNOS",-1.4211743874,"O-NCS-Nd"
"752_RhCNOS",0.0130628206,"O-NCS-Rh"
"753_RuCNOS",0.0591655726,"O-NCS-Ru"
"754_ScCNOS",-1.4371629714,"O-NCS-Sc"
"755_SmCNOS",-1.4420657054,"O-NCS-Sm"
"756_YCNOS",-1.5129719414,"O-NCS-Y"
"758_AlNO2",-1.35912041,"O-NO-Al"
"759_BiNO2",-0.141740005,"O-NO-Bi"
"760_CeNO2",-1.67796527,"O-NO-Ce"
"761_CoNO2",-0.3865226925,"O-NO-Co"
"762_CrNO2",-0.9995118425,"O-NO-Cr"
"763_FeNO2",-0.5624197125,"O-NO-Fe"
"764_GaNO2",-0.667192465,"O-NO-Ga"
"765_GdNO2",-1.6411555975,"O-NO-Gd"
"766_InNO2",-0.46416179,"O-NO-In"
"767_IrNO2",0.0565666075,"O-NO-Ir"
"768_LaNO2",-1.727779745,"O-NO-La"
"769_LuNO2",-1.7983909325,"O-NO-Lu"
"770_NdNO2",-1.6505842625,"O-NO-Nd"
"771_RhNO2",-0.2103758275,"O-NO-Rh"
"772_RuNO2",-0.22440026,"O-NO-Ru"
"774_SmNO2",-1.674587345,"O-NO-Sm"
"775_YNO2",-1.75634171,"O-NO-Y"
"776_AlCNO2",-1.31208116,"O-OCN-Al"
"777_BiCNO2",-0.325725896,"O-OCN-Bi"
"779_CoCNO2",-0.353550402,"O-OCN-Co"
"780_CrCNO2",-0.943056314,"O-OCN-Cr"
"781_FeCNO2",-0.530439404,"O-OCN-Fe"
"782_GaCNO2",-0.702886966,"O-OCN-Ga"
"783_GdCNO2",-1.624492902,"O-OCN-Gd"
"784_InCNO2",-0.632320368,"O-OCN-In"
"785_IrCNO2",0.098862084,"O-OCN-Ir"
"786_LaCNO2",-1.70727618,"O-OCN-La"
"787_LuCNO2",-1.238718534,"O-OCN-Lu"
"788_NdCNO2",-1.63785913,"O-OCN-Nd"
"789_RhCNO2",-0.169368828,"O-OCN-Rh"
"790_RuCNO2",-0.140880378,"O-OCN-Ru"
"791_ScCNO2",-1.677433572,"O-OCN-Sc"
"792_SmCNO2",-1.653952494,"O-OCN-Sm"
"793_YCNO2",-1.727410692,"O-OCN-Y"
"794_AlCNOS",-0.6168724874,"O-SCN-Al"
"795_BiCNOS",0.0521554026,"O-SCN-Bi"
"796_CeCNOS",-1.1661683834,"O-SCN-Ce"
"797_CoCNOS",0.1203312866,"O-SCN-Co"
"798_CrCNOS",-0.3492001534,"O-SCN-Cr"
"799_FeCNOS",0.0977580606,"O-SCN-Fe"
"800_GaCNOS",-0.1219735734,"O-SCN-Ga"
"801_GdCNOS",-0.3589937594,"O-SCN-Gd"
"802_InCNOS",-0.1464730274,"O-SCN-In"
"803_IrCNOS",0.2131581906,"O-SCN-Ir"
"804_LaCNOS",-1.2229366974,"O-SCN-La"
"805_LuCNOS",-1.2212359214,"O-SCN-Lu"
"806_NdCNOS",-1.1598511734,"O-SCN-Nd"
"807_RhCNOS",0.1275319186,"O-SCN-Rh"
"808_RuCNOS",0.1867807686,"O-SCN-Ru"
"809_ScCNOS",-1.1402906854,"O-SCN-Sc"
"810_SmCNOS",-1.1674975134,"O-SCN-Sm"
"811_YCNOS",-1.2212272454,"O-SCN-Y"
"812_AlHOS",-1.2707194443,"O-SH-Al"
"813_BiHOS",-0.3920484218,"O-SH-Bi"
"814_CeHOS",-1.9193320318,"O-SH-Ce"
"815_CoHOS",-0.3483104068,"O-SH-Co"
"816_CrHOS",-0.9566657968,"O-SH-Cr"
"817_FeHOS",-0.3809100168,"O-SH-Fe"
"818_GaHOS",-0.6405417093,"O-SH-Ga"
"820_InHOS",-0.6661258667,"O-SH-In"
"821_IrHOS",-0.2221671118,"O-SH-Ir"
"822_LaHOS",-1.9938071968,"O-SH-La"
"823_LuHOS",-2.0089632543,"O-SH-Lu"
"824_NdHOS",-1.9210035093,"O-SH-Nd"
"825_RhHOS",-0.3324029867,"O-SH-Rh"
"826_RuHOS",-0.2514884042,"O-SH-Ru"
"827_ScHOS",-1.9044237268,"O-SH-Sc"
"828_SmHOS",-1.9400340893,"O-SH-Sm"
"829_YHOS",-2.0056534593,"O-SH-Y"
"830_AlBrHP",-0.59871894,"PH-Br-Al"
"831_BiBrHP",-0.1590079675,"PH-Br-Bi"
"833_CoBrHP",-0.3727005425,"PH-Br-Co"
"834_CrBrHP",-0.39126648,"PH-Br-Cr"
"835_FeBrHP",-0.210506845,"PH-Br-Fe"
"836_GaBrHP",-0.3390460975,"PH-Br-Ga"
"839_IrBrHP",-0.4644388975,"PH-Br-Ir"
"841_LuBrHP",-1.13118457,"PH-Br-Lu"
"843_RhBrHP",-0.5637866125,"PH-Br-Rh"
"844_RuBrHP",-0.261859245,"PH-Br-Ru"
"847_YBrHP",-1.1891162375,"PH-Br-Y"
"848_AlClHP",-0.66694613,"PH-Cl-Al"
"851_CoClHP",-0.4935302775,"PH-Cl-Co"
"852_CrClHP",-0.4830676625,"PH-Cl-Cr"
"853_FeClHP",-0.3312265575,"PH-Cl-Fe"
"854_GaClHP",-0.38929051,"PH-Cl-Ga"
"855_GdClHP",-1.19786784,"PH-Cl-Gd"
"856_InClHP",-0.437020765,"PH-Cl-In"
"857_IrClHP",-0.55036741,"PH-Cl-Ir"
"858_LaClHP",-1.30463263,"PH-Cl-La"
"860_NdClHP",-1.2348366375,"PH-Cl-Nd"
"861_RhClHP",-0.6573835975,"PH-Cl-Rh"
"862_RuClHP",-0.34094427,"PH-Cl-Ru"
"864_SmClHP",-1.2351964725,"PH-Cl-Sm"
"866_AlCHNP",0.287377394,"PH-CN-Al"
"869_CoCHNP",0.314964508,"PH-CN-Co"
"870_CrCHNP",0.385445088,"PH-CN-Cr"
"871_FeCHNP",0.394224546,"PH-CN-Fe"
"872_GaCHNP",0.493573728,"PH-CN-Ga"
"873_GdCHNP",-0.18131842,"PH-CN-Gd"
"874_InCHNP",0.443257152,"PH-CN-In"
"875_IrCHNP",0.23261316,"PH-CN-Ir"
"876_LaCHNP",-0.271703568,"PH-CN-La"
"877_LuCHNP",-0.190273602,"PH-CN-Lu"
"879_RhCHNP",0.15660506,"PH-CN-Rh"
"880_RuCHNP",0.353308088,"PH-CN-Ru"
"884_AlFHP",-0.935972715,"PH-F-Al"
"887_CoFHP",-0.82515411,"PH-F-Co"
"889_FeFHP",-0.6850921525,"PH-F-Fe"
"890_GaFHP",-0.6442708475,"PH-F-Ga"
"892_InFHP",-0.690363965,"PH-F-In"
"893_IrFHP",-0.82408165,"PH-F-Ir"
"894_LaFHP",-1.686539185,"PH-F-La"
"895_LuFHP",-1.5989109175,"PH-F-Lu"
"896_NdFHP",-1.6185992125,"PH-F-Nd"
"897_RhFHP",-0.96591678,"PH-F-Rh"
"898_RuFHP",-0.6747667725,"PH-F-Ru"
"899_ScFHP",-1.569087935,"PH-F-Sc"
"900_SmFHP",-1.62028526,"PH-F-Sm"
"901_YFHP",-1.648019515,"PH-F-Y"
"903_BiHIP",-0.07731908,"PH-I-Bi"
"904_CeHIP",-1.0744739275,"PH-I-Ce"
"905_CoHIP",-0.1594322775,"PH-I-Co"
"906_CrHIP",-0.1665462425,"PH-I-Cr"
"907_FeHIP",0.02320671,"PH-I-Fe"
"908_GaHIP",-0.209359795,"PH-I-Ga"
"909_GdHIP",0.0087725,"PH-I-Gd"
"913_LuHIP",-0.9871380675,"PH-I-Lu"
"915_RhHIP",-0.383707625,"PH-I-Rh"
"917_ScHIP",-0.925781935,"PH-I-Sc"
"918_SmHIP",-1.016850205,"PH-I-Sm"
"920_AlCHNP",0.245355538,"PH-NC-Al"
"921_BiCHNP",0.532290302,"PH-NC-Bi"
"923_CoCHNP",0.329227586,"PH-NC-Co"
"924_CrCHNP",0.330404978,"PH-NC-Cr"
"925_FeCHNP",0.432096292,"PH-NC-Fe"
"926_GaCHNP",0.474858056,"PH-NC-Ga"
"927_GdCHNP",0.515697996,"PH-NC-Gd"
"928_InCHNP",0.429078116,"PH-NC-In"
"929_IrCHNP",0.291464864,"PH-NC-Ir"
"931_LuCHNP",-0.226859288,"PH-NC-Lu"
"933_AlCHNOP",-0.4055327683,"PH-NCO-Al"
"936_CoCHNOP",-0.3515781933,"PH-NCO-Co"
"937_CrCHNOP",-0.382816235,"PH-NCO-Cr"
"938_FeCHNOP",-0.2552406717,"PH-NCO-Fe"
"939_GaCHNOP",-0.2211088117,"PH-NCO-Ga"
"940_GdCHNOP",-0.74123252,"PH-NCO-Gd"
"942_IrCHNOP",-0.3675818067,"PH-NCO-Ir"
"943_LaCHNOP",-0.793767045,"PH-NCO-La"
"944_LuCHNOP",-0.73705667,"PH-NCO-Lu"
"945_NdCHNOP",-0.753975455,"PH-NCO-Nd"
"946_RhCHNOP",-0.4460972917,"PH-NCO-Rh"
"947_RuCHNOP",-0.2530320517,"PH-NCO-Ru"
"948_ScCHNOP",-0.7590695667,"PH-NCO-Sc"
"950_YCHNOP",-0.79451662,"PH-NCO-Y"
"952_RuCHNP",0.426718188,"PH-NC-Ru"
"953_AlCHNPS",-0.0096260512,"PH-NCS-Al"
"954_BiCHNPS",0.2458641872,"PH-NCS-Bi"
"955_ScCHNP",-0.1835982,"PH-NC-Sc"
"957_CoCHNPS",0.1033542938,"PH-NCS-Co"
"958_CrCHNPS",0.1434892188,"PH-NCS-Cr"
"959_FeCHNPS",0.2076881188,"PH-NCS-Fe"
"960_GaCHNPS",0.1837209355,"PH-NCS-Ga"
"961_GdCHNPS",-0.3811835428,"PH-NCS-Gd"
"963_IrCHNPS",0.0323590422,"PH-NCS-Ir"
"964_LaCHNPS",-0.4473983112,"PH-NCS-La"
"965_LuCHNPS",-0.3962419595,"PH-NCS-Lu"
"967_NdCHNPS",-0.4045830178,"PH-NCS-Nd"
"968_RhCHNPS",-0.0370116295,"PH-NCS-Rh"
"969_RuCHNPS",0.1443861038,"PH-NCS-Ru"
"970_ScCHNPS",-0.3473981862,"PH-NCS-Sc"
"971_SmCHNPS",-0.4057494745,"PH-NCS-Sm"
"974_AlHNOP",0.02665488,"PH-NO-Al"
"975_BiHNOP",0.322384272,"PH-NO-Bi"
"976_CeHNOP",-0.58405379,"PH-NO-Ce"
"977_CoHNOP",0.008922346,"PH-NO-Co"
"978_CrHNOP",-0.025002464,"PH-NO-Cr"
"979_FeHNOP",0.039371926,"PH-NO-Fe"
"980_GaHNOP",0.18203547,"PH-NO-Ga"
"981_GdHNOP",-0.513376802,"PH-NO-Gd"
"983_IrHNOP",0.025980514,"PH-NO-Ir"
"984_LaHNOP",-0.581934518,"PH-NO-La"
"985_LuHNOP",-0.536606054,"PH-NO-Lu"
"986_NdHNOP",-0.397442246,"PH-NO-Nd"
"987_RhHNOP",-0.07240407,"PH-NO-Rh"
"988_RuHNOP",0.033560804,"PH-NO-Ru"
"989_ScHNOP",-0.410502758,"PH-NO-Sc"
"991_YHNOP",-0.4174012,"PH-NO-Y"
"992_AlCHNOP",-0.1556312517,"PH-OCN-Al"
"993_BiCHNOP",0.0374066067,"PH-OCN-Bi"
"995_CoCHNOP",-0.0868218767,"PH-OCN-Co"
"996_CrCHNOP",-0.124249515,"PH-OCN-Cr"
"997_FeCHNOP",0.0188642117,"PH-OCN-Fe"
"998_GaCHNOP",0.0129411667,"PH-OCN-Ga"
"999_GdCHNOP",-0.54169874,"PH-OCN-Gd"
"1000_InCHNOP",-0.01898421,"PH-OCN-In"
"1001_IrCHNOP",-0.0949193617,"PH-OCN-Ir"
"1002_LaCHNOP",-0.6463516217,"PH-OCN-La"
"1003_LuCHNOP",-0.6172215533,"PH-OCN-Lu"
"1004_NdCHNOP",-0.5797408517,"PH-OCN-Nd"
"1005_RhCHNOP",-0.187421495,"PH-OCN-Rh"
"1006_RuCHNOP",-0.009701805,"PH-OCN-Ru"
"1007_ScCHNOP",-0.5371130917,"PH-OCN-Sc"
"1008_SmCHNOP",-0.5785959333,"PH-OCN-Sm"
"1009_YCHNOP",-0.59637083,"PH-OCN-Y"
"1010_AlCHNPS",0.0918483872,"PH-SCN-Al"
"1013_CoCHNPS",0.1334624022,"PH-SCN-Co"
"1014_CrCHNPS",0.2438219622,"PH-SCN-Cr"
"1015_FeCHNPS",0.2187653855,"PH-SCN-Fe"
"1019_IrCHNPS",0.0714751005,"PH-SCN-Ir"
"1020_LaCHNPS",-0.2897969562,"PH-SCN-La"
"1021_LuCHNPS",-0.2548534645,"PH-SCN-Lu"
"1022_NdCHNPS",-0.2556982712,"PH-SCN-Nd"
"1023_RhCHNPS",0.0482489055,"PH-SCN-Rh"
"1024_RuCHNPS",0.2355733922,"PH-SCN-Ru"
"1025_ScCHNPS",-0.2393353112,"PH-SCN-Sc"
"1026_SmCHNPS",-0.2246569262,"PH-SCN-Sm"
"1027_YCHNPS",-0.3133840895,"PH-SCN-Y"
"1028_AlH2PS",-0.3161702414,"PH-SH-Al"
"1029_BiH2PS",0.0876447366,"PH-SH-Bi"
"1031_CoH2PS",-0.2084664434,"PH-SH-Co"
"1032_CrH2PS",-0.2073857114,"PH-SH-Cr"
"1033_FeH2PS",-0.0747782334,"PH-SH-Fe"
"1034_GaH2PS",-0.0872379774,"PH-SH-Ga"
"1036_InH2PS",-0.1299077374,"PH-SH-In"
"1038_LaH2PS",-0.7686029214,"PH-SH-La"
"1039_LuH2PS",-0.7224457494,"PH-SH-Lu"
"1041_RhH2PS",-0.3100098874,"PH-SH-Rh"
"1042_RuH2PS",-0.0734350814,"PH-SH-Ru"
"1043_ScH2PS",-0.6842951534,"PH-SH-Sc"
"1044_SmH2PS",-0.7208716594,"PH-SH-Sm"
"1204_BiCNOSe",-0.366660648,"Se-NCO-Bi"
"1205_CeCNOSe",-1.241002522,"Se-NCO-Ce"
"1206_CoCNOSe",-0.410918304,"Se-NCO-Co"
"1207_CrCNOSe",-0.679380384,"Se-NCO-Cr"
"1208_FeCNOSe",-0.363743696,"Se-NCO-Fe"
"1209_GaCNOSe",-0.44233086,"Se-NCO-Ga"
"1210_GdCNOSe",-0.479529472,"Se-NCO-Gd"
"1211_InCNOSe",-0.507020198,"Se-NCO-In"
"1212_IrCNOSe",-0.27893062,"Se-NCO-Ir"
"1213_LaCNOSe",-1.33248106,"Se-NCO-La"
"1214_LuCNOSe",-1.28180652,"Se-NCO-Lu"
"1215_NdCNOSe",-1.289429434,"Se-NCO-Nd"
"1216_RhCNOSe",-0.450766436,"Se-NCO-Rh"
"1217_RuCNOSe",-0.273957352,"Se-NCO-Ru"
"1218_ScCNOSe",-1.236511872,"Se-NCO-Sc"
"1219_SmCNOSe",-1.291403902,"Se-NCO-Sm"
"1220_YCNOSe",-1.31981336,"Se-NCO-Y"
"1221_RhCNSe",0.3495870425,"Se-NC-Rh"
"1222_RuCNSe",0.5732986825,"Se-NC-Ru"
"1223_AlCNSSe",-0.2341539194,"Se-NCS-Al"
"1224_BiCNSSe",0.0649938826,"Se-NCS-Bi"
"1225_ScCNSe",-0.655571375,"Se-NC-Sc"
"1226_CeCNSSe",-0.8319913274,"Se-NCS-Ce"
"1227_CoCNSSe",0.0987417706,"Se-NCS-Co"
"1228_CrCNSSe",-0.1438608194,"Se-NCS-Cr"
"1229_FeCNSSe",0.1736509586,"Se-NCS-Fe"
"1230_GaCNSSe",0.0405657006,"Se-NCS-Ga"
"1231_GdCNSSe",-0.8134492894,"Se-NCS-Gd"
"1232_InCNSSe",-0.0460956734,"Se-NCS-In"
"1233_IrCNSSe",0.1785583086,"Se-NCS-Ir"
"1234_LaCNSSe",-0.9094076214,"Se-NCS-La"
"1235_LuCNSSe",-0.8233285894,"Se-NCS-Lu"
"1236_SmCNSe",-0.76266812,"Se-NC-Sm"
"1237_NdCNSSe",-0.8355022234,"Se-NCS-Nd"
"1238_RhCNSSe",0.0165021006,"Se-NCS-Rh"
"1239_RuCNSSe",0.2108525746,"Se-NCS-Ru"
"1240_ScCNSSe",-0.7789140434,"Se-NCS-Sc"
"1241_SmCNSSe",-0.8471405454,"Se-NCS-Sm"
"1242_YCNSSe",-0.8720959414,"Se-NCS-Y"
"1243_YCNSe",-0.793764905,"Se-NC-Y"
"1244_AlNOSe",-0.262253485,"Se-NO-Al"
"1245_BiNOSe",0.128233625,"Se-NO-Bi"
"1246_CeNOSe",-1.01887065,"Se-NO-Ce"
"1247_CoNOSe",-0.0037080125,"Se-NO-Co"
"1248_CrNOSe",-0.296203985,"Se-NO-Cr"
"1249_FeNOSe",-0.069183045,"Se-NO-Fe"
"1250_GaNOSe",0.00962688,"Se-NO-Ga"
"1251_GdNOSe",-0.9282627525,"Se-NO-Gd"
"1252_InNOSe",-0.00481969,"Se-NO-In"
"1253_IrNOSe",0.2111239475,"Se-NO-Ir"
"1254_LaNOSe",-1.05010793,"Se-NO-La"
"1255_LuNOSe",-0.9380612175,"Se-NO-Lu"
"1256_NdNOSe",-0.944784025,"Se-NO-Nd"
"1257_RhNOSe",0.013555325,"Se-NO-Rh"
"1258_RuNOSe",0.0940651125,"Se-NO-Ru"
"1259_ScNOSe",-0.8579745,"Se-NO-Sc"
"1260_SmNOSe",-0.958093725,"Se-NO-Sm"
"1261_YNOSe",-0.987841755,"Se-NO-Y"
"1262_AlCNOSe",-0.41631509,"Se-OCN-Al"
"1263_BiCNOSe",-0.122481622,"Se-OCN-Bi"
"1264_CeCNOSe",-1.043530284,"Se-OCN-Ce"
"1265_CoCNOSe",-0.10170249,"Se-OCN-Co"
"1266_CrCNOSe",-0.367605204,"Se-OCN-Cr"
"1267_FeCNOSe",-0.042958404,"Se-OCN-Fe"
"1268_GaCNOSe",-0.15521456,"Se-OCN-Ga"
"1269_GdCNOSe",-0.178912238,"Se-OCN-Gd"
"1270_InCNOSe",-0.230487334,"Se-OCN-In"
"1271_IrCNOSe",0.049138542,"Se-OCN-Ir"
"1272_LaCNOSe",-1.135124512,"Se-OCN-La"
"1273_LuCNOSe",-1.024088756,"Se-OCN-Lu"
"1274_NdCNOSe",-0.890368006,"Se-OCN-Nd"
"1275_RhCNOSe",-0.140390104,"Se-OCN-Rh"
"1276_RuCNOSe",0.060254422,"Se-OCN-Ru"
"1277_ScCNOSe",-0.964827622,"Se-OCN-Sc"
"1278_SmCNOSe",-1.050915676,"Se-OCN-Sm"
"1279_YCNOSe",-1.069229558,"Se-OCN-Y"
"1280_AlCNSSe",-0.1243123974,"Se-SCN-Al"
"1281_BiCNSSe",0.2415565726,"Se-SCN-Bi"
"1282_CeCNSSe",-0.5876929434,"Se-SCN-Ce"
"1283_CoCNSSe",0.1292263586,"Se-SCN-Co"
"1284_CrCNSSe",-0.0486872534,"Se-SCN-Cr"
"1285_FeCNSSe",0.2554740966,"Se-SCN-Fe"
"1286_GaCNSSe",0.1266030586,"Se-SCN-Ga"
"1287_GdCNSSe",-0.6285242614,"Se-SCN-Gd"
"1288_InCNSSe",0.0577373966,"Se-SCN-In"
"1289_IrCNSSe",0.1444857126,"Se-SCN-Ir"
"1290_LaCNSSe",-0.7235769054,"Se-SCN-La"
"1291_LuCNSSe",-0.5881753854,"Se-SCN-Lu"
"1292_NdCNSSe",-0.6642390054,"Se-SCN-Nd"
"1293_RhCNSSe",0.0556984486,"Se-SCN-Rh"
"1294_RuCNSSe",0.2663483326,"Se-SCN-Ru"
"1295_ScCNSSe",-0.5891210394,"Se-SCN-Sc"
"1296_SmCNSSe",-0.6615946894,"Se-SCN-Sm"
"1297_YCNSSe",-0.6773341354,"Se-SCN-Y"
"1298_AlHSSe",-0.6421761768,"Se-SH-Al"
"1299_BiHSSe",-0.1580001318,"Se-SH-Bi"
"1300_CeHSSe",-1.2939474618,"Se-SH-Ce"
"1301_CoHSSe",-0.3164862493,"Se-SH-Co"
"1302_CrHSSe",-0.4644760143,"Se-SH-Cr"
"1303_FeHSSe",-0.1602226068,"Se-SH-Fe"
"1304_GaHSSe",-0.3110008393,"Se-SH-Ga"
"1305_GdHSSe",-1.2862625268,"Se-SH-Gd"
"1306_InHSSe",-0.4003551168,"Se-SH-In"
"1307_IrHSSe",-0.2980582668,"Se-SH-Ir"
"1308_LaHSSe",-1.3965417793,"Se-SH-La"
"1309_LuHSSe",-1.3083929968,"Se-SH-Lu"
"1310_NdHSSe",-1.3244690618,"Se-SH-Nd"
"1311_RhHSSe",-0.3946465542,"Se-SH-Rh"
"1312_RuHSSe",-0.1374379467,"Se-SH-Ru"
"1313_ScHSSe",-1.2358580593,"Se-SH-Sc"
"1314_SmHSSe",-1.3230548293,"Se-SH-Sm"
"1315_YHSSe",-1.3630055468,"Se-SH-Y"
"1316_AlFS",-1.967322859,"S-F-Al"
"1317_BiFS",-1.1993251257,"S-F-Bi"
"1318_CeFS",-2.839036469,"S-F-Ce"
"1319_CoFS",-1.2443130557,"S-F-Co"
"1320_CrFS",-1.693668329,"S-F-Cr"
"1321_FeFS",-1.1789737423,"S-F-Fe"
"1322_GaFS",-1.3692765557,"S-F-Ga"
"1323_GdFS",-1.556204229,"S-F-Gd"
"1324_InFS",-1.4426551923,"S-F-In"
"1325_IrFS",-0.9354217957,"S-F-Ir"
"1326_LaFS",-3.021259179,"S-F-La"
"1327_LuFS",-2.933522409,"S-F-Lu"
"1328_NdFS",-2.9103007623,"S-F-Nd"
"1329_RhFS",-1.222131069,"S-F-Rh"
"1330_RuFS",-0.9199503057,"S-F-Ru"
"1331_ScFS",-2.821672949,"S-F-Sc"
"1332_SmFS",-2.9180921857,"S-F-Sm"
"1333_YFS",-2.9765870957,"S-F-Y"
"1334_AlIS",-0.9697000323,"S-I-Al"
"1335_BiIS",-0.4225007923,"S-I-Bi"
"1336_CeIS",-1.935323389,"S-I-Ce"
"1337_CoIS",-0.2304727957,"S-I-Co"
"1338_CrIS",-0.8459295723,"S-I-Cr"
"1339_FeIS",-0.202305979,"S-I-Fe"
"1340_GaIS",-0.5202721657,"S-I-Ga"
"1341_GdIS",-1.9723175957,"S-I-Gd"
"1342_InIS",-0.6833067523,"S-I-In"
"1343_IrIS",-0.1702921023,"S-I-Ir"
"1344_LaIS",-2.142860789,"S-I-La"
"1345_LuIS",-1.977818189,"S-I-Lu"
"1346_NdIS",-2.0339289523,"S-I-Nd"
"1347_RhIS",-0.3904469723,"S-I-Rh"
"1348_RuIS",-0.2081019323,"S-I-Ru"
"1349_ScIS",-1.8509873057,"S-I-Sc"
"1350_SmIS",-2.025779299,"S-I-Sm"
"1351_YIS",-2.067520019,"S-I-Y"
"1352_AlCNS",-0.1474350418,"S-NC-Al"
"1353_BiCNS",0.4209056332,"S-NC-Bi"
"1354_CeCNS",-0.8052762993,"S-NC-Ce"
"1355_CoCNS",0.3366197633,"S-NC-Co"
"1356_CrCNS",0.0888536583,"S-NC-Cr"
"1357_FeCNS",0.3867575458,"S-NC-Fe"
"1358_GaCNS",0.2780699483,"S-NC-Ga"
"1359_GdCNS",-0.8216856543,"S-NC-Gd"
"1360_InCNS",0.2099059458,"S-NC-In"
"1361_IrCNS",0.4941455982,"S-NC-Ir"
"1362_LaCNS",-0.9442001918,"S-NC-La"
"1363_LuCNS",-0.8608690793,"S-NC-Lu"
"1364_NdCNS",-0.8581971268,"S-NC-Nd"
"1365_AlCNOS",-0.8714239754,"S-NCO-Al"
"1366_BiCNOS",-0.3647767594,"S-NCO-Bi"
"1367_CeCNOS",-1.3256255874,"S-NCO-Ce"
"1368_CoCNOS",-0.4789064614,"S-NCO-Co"
"1369_CrCNOS",-0.7500065174,"S-NCO-Cr"
"1370_FeCNOS",-0.4465959654,"S-NCO-Fe"
"1371_GaCNOS",-0.5320760094,"S-NCO-Ga"
"1372_GdCNOS",-1.3468016814,"S-NCO-Gd"
"1373_InCNOS",-0.5646383654,"S-NCO-In"
"1374_IrCNOS",-0.3356970454,"S-NCO-Ir"
"1375_LaCNOS",-1.4105088154,"S-NCO-La"
"1376_LuCNOS",-1.3958173014,"S-NCO-Lu"
"1377_NdCNOS",-1.3589755834,"S-NCO-Nd"
"1378_RhCNOS",-0.4901626654,"S-NCO-Rh"
"1379_RuCNOS",-0.3501566734,"S-NCO-Ru"
"1380_ScCNOS",-1.3392553534,"S-NCO-Sc"
"1381_SmCNOS",-1.3702568454,"S-NCO-Sm"
"1382_YCNOS",-1.4158452854,"S-NCO-Y"
"1383_RhCNS",0.3006138233,"S-NC-Rh"
"1384_RuCNS",0.4933103833,"S-NC-Ru"
"1385_AlCNS2",-0.3582451648,"S-NCS-Al"
"1386_BiCNS2",0.0753261132,"S-NCS-Bi"
"1387_ScCNS",-0.7744038968,"S-NC-Sc"
"1388_CeCNS2",-0.8787882488,"S-NCS-Ce"
"1389_CoCNS2",0.0638600112,"S-NCS-Co"
"1390_CrCNS2",-0.2513897368,"S-NCS-Cr"
"1391_FeCNS2",0.1270611552,"S-NCS-Fe"
"1392_GaCNS2",-0.0351980508,"S-NCS-Ga"
"1393_GdCNS2",-0.1064085508,"S-NCS-Gd"
"1394_InCNS2",-0.0822000668,"S-NCS-In"
"1395_IrCNS2",0.1280543272,"S-NCS-Ir"
"1396_LaCNS2",-0.9817959248,"S-NCS-La"
"1397_LuCNS2",-0.9379219348,"S-NCS-Lu"
"1398_SmCNS",-0.8599396193,"S-NC-Sm"
"1399_NdCNS2",-0.9230659188,"S-NCS-Nd"
"1400_RhCNS2",-0.0124214408,"S-NCS-Rh"
"1401_RuCNS2",0.1653224352,"S-NCS-Ru"
"1402_ScCNS2",-0.8690782028,"S-NCS-Sc"
"1403_SmCNS2",-0.9282162748,"S-NCS-Sm"
"1404_YCNS2",-0.9638992248,"S-NCS-Y"
"1405_YCNS",-0.9059503342,"S-NC-Y"
"1406_AlNOS",-0.4234973818,"S-NO-Al"
"1407_BiNOS",0.1474684407,"S-NO-Bi"
"1408_CeNOS",-1.0944389593,"S-NO-Ce"
"1409_CoNOS",-0.0651665692,"S-NO-Co"
"1410_CrNOS",-0.2234750268,"S-NO-Cr"
"1411_FeNOS",-0.1072996692,"S-NO-Fe"
"1412_GaNOS",-0.0800503942,"S-NO-Ga"
"1413_GdNOS",-0.0408148418,"S-NO-Gd"
"1414_InNOS",-0.0576068192,"S-NO-In"
"1415_IrNOS",0.1232622232,"S-NO-Ir"
"1416_LaNOS",-1.1325130618,"S-NO-La"
"1417_LuNOS",-1.0384209543,"S-NO-Lu"
"1418_NdNOS",-1.0354517818,"S-NO-Nd"
"1419_RhNOS",-0.0364984317,"S-NO-Rh"
"1420_RuNOS",-0.0021811117,"S-NO-Ru"
"1421_ScNOS",-0.9660161943,"S-NO-Sc"
"1422_SmNOS",-1.0456489643,"S-NO-Sm"
"1423_YNOS",-1.0504362968,"S-NO-Y"
"1424_AlCNOS",-0.5697945314,"S-OCN-Al"
"1425_BiCNOS",-0.1128524914,"S-OCN-Bi"
"1426_CeCNOS",-1.1140661914,"S-OCN-Ce"
"1427_CoCNOS",-0.1722640454,"S-OCN-Co"
"1428_CrCNOS",-0.4412427954,"S-OCN-Cr"
"1429_FeCNOS",-0.1262855634,"S-OCN-Fe"
"1430_GaCNOS",-0.2407706674,"S-OCN-Ga"
"1431_GdCNOS",-0.3147573194,"S-OCN-Gd"
"1432_InCNOS",-0.2822446874,"S-OCN-In"
"1433_IrCNOS",-0.0075071814,"S-OCN-Ir"
"1434_LaCNOS",-1.2078222994,"S-OCN-La"
"1435_LuCNOS",-1.1301887314,"S-OCN-Lu"
"1436_NdCNOS",-1.1327115154,"S-OCN-Nd"
"1437_RhCNOS",-0.1786462034,"S-OCN-Rh"
"1438_RuCNOS",-0.0166986894,"S-OCN-Ru"
"1439_ScCNOS",-1.0646515874,"S-OCN-Sc"
"1440_SmCNOS",-1.1326489114,"S-OCN-Sm"
"1441_YCNOS",-1.1624412494,"S-OCN-Y"
"1442_AlCNS2",-0.1886269988,"S-SCN-Al"
"1443_BiCNS2",0.2709830052,"S-SCN-Bi"
"1444_CeCNS2",-0.6825517168,"S-SCN-Ce"
"1445_CoCNS2",0.1179288592,"S-SCN-Co"
"1446_CrCNS2",-0.0968671168,"S-SCN-Cr"
"1447_FeCNS2",0.1934825692,"S-SCN-Fe"
"1448_GaCNS2",0.0867199672,"S-SCN-Ga"
"1449_GdCNS2",0.0835452752,"S-SCN-Gd"
"1450_InCNS2",0.0380832152,"S-SCN-In"
"1451_IrCNS2",0.1388462532,"S-SCN-Ir"
"1452_LaCNS2",-0.7954729348,"S-SCN-La"
"1453_LuCNS2",-0.7229345888,"S-SCN-Lu"
"1454_NdCNS2",-0.7318750828,"S-SCN-Nd"
"1455_RhCNS2",0.0692249612,"S-SCN-Rh"
"1456_RuCNS2",0.2348570572,"S-SCN-Ru"
"1457_ScCNS2",-0.6405170788,"S-SCN-Sc"
"1458_SmCNS2",-0.7316470308,"S-SCN-Sm"
"1459_YCNS2",-0.7653579128,"S-SCN-Y"
"1460_AlHS2",-0.7513794935,"S-SH-Al"
"1461_BiHS2",-0.134413546,"S-SH-Bi"
"1462_CeHS2",-1.3806680935,"S-SH-Ce"
"1463_CoHS2",-0.330321256,"S-SH-Co"
"1464_CrHS2",-0.611050026,"S-SH-Cr"
"1465_FeHS2",-0.203848671,"S-SH-Fe"
"1466_GaHS2",-0.3623647285,"S-SH-Ga"
"1467_GdHS2",-0.400614266,"S-SH-Gd"
"1468_InHS2",-0.4284828935,"S-SH-In"
"1469_IrHS2",-0.3042515185,"S-SH-Ir"
"1470_LaHS2",-1.477595796,"S-SH-La"
"1471_LuHS2",-1.412961851,"S-SH-Lu"
"1472_NdHS2",-1.4068011285,"S-SH-Nd"
"1473_RhHS2",-0.3843012635,"S-SH-Rh"
"1474_RuHS2",-0.1822514635,"S-SH-Ru"
"1475_ScHS2",-1.3312210835,"S-SH-Sc"
"1476_SmHS2",-1.409803026,"S-SH-Sm"
"1477_YHS2",-1.4577834135,"S-SH-Y"
"1478_AlBrTe",-0.80982266,"Te-Br-Al"
"1479_BiBrTe",-0.5570615133,"Te-Br-Bi"
"1480_CeBrTe",-1.8690865833,"Te-Br-Ce"
"1481_CoBrTe",-0.4592515567,"Te-Br-Co"
"1482_CrBrTe",-0.8971726633,"Te-Br-Cr"
"1483_FeBrTe",-0.3199730367,"Te-Br-Fe"
"1484_GaBrTe",-0.5032390567,"Te-Br-Ga"
"1485_GdBrTe",-0.4490725733,"Te-Br-Gd"
"1486_InBrTe",-0.67456895,"Te-Br-In"
"1487_IrBrTe",-0.4227963,"Te-Br-Ir"
"1488_LaBrTe",-1.9368439567,"Te-Br-La"
"1489_LuBrTe",-1.7546408767,"Te-Br-Lu"
"1490_NdBrTe",-1.86735496,"Te-Br-Nd"
"1491_RhBrTe",-0.6848589167,"Te-Br-Rh"
"1492_RuBrTe",-0.2741754933,"Te-Br-Ru"
"1493_ScBrTe",-1.6794927867,"Te-Br-Sc"
"1494_SmBrTe",-1.8467895033,"Te-Br-Sm"
"1495_YBrTe",-1.8730242133,"Te-Br-Y"
"1496_AlClTe",-0.8807616733,"Te-Cl-Al"
"1497_BiClTe",-0.6276320367,"Te-Cl-Bi"
"1498_CeClTe",-2.1046396167,"Te-Cl-Ce"
"1499_CoClTe",-0.5614255,"Te-Cl-Co"
"1500_CrClTe",-1.0143193233,"Te-Cl-Cr"
"1501_FeClTe",-0.52572233,"Te-Cl-Fe"
"1502_GaClTe",-0.5529988267,"Te-Cl-Ga"
"1503_GdClTe",-1.9033976033,"Te-Cl-Gd"
"1504_InClTe",-0.7285679667,"Te-Cl-In"
"1505_IrClTe",-0.47896584,"Te-Cl-Ir"
"1506_LaClTe",-2.0880532867,"Te-Cl-La"
"1507_LuClTe",-1.8704764333,"Te-Cl-Lu"
"1508_NdClTe",-1.3621080167,"Te-Cl-Nd"
"1509_RhClTe",-0.7561200033,"Te-Cl-Rh"
"1510_RuClTe",-0.3544609067,"Te-Cl-Ru"
"1511_ScClTe",-1.7993674867,"Te-Cl-Sc"
"1512_SmClTe",-1.9634925533,"Te-Cl-Sm"
"1513_YClTe",-1.98794163,"Te-Cl-Y"
"1514_AlCNTe",0.3618370575,"Te-CN-Al"
"1515_BiCNTe",0.44345001,"Te-CN-Bi"
"1516_CeCNTe",-0.4852278775,"Te-CN-Ce"
"1517_CoCNTe",0.50659129,"Te-CN-Co"
"1518_CrCNTe",0.593351725,"Te-CN-Cr"
"1519_FeCNTe",0.5082152575,"Te-CN-Fe"
"1520_GaCNTe",0.543583385,"Te-CN-Ga"
"1521_GdCNTe",-0.460978665,"Te-CN-Gd"
"1522_InCNTe",0.45696634,"Te-CN-In"
"1523_IrCNTe",0.5226350725,"Te-CN-Ir"
"1524_LaCNTe",-0.60805845,"Te-CN-La"
"1525_LuCNTe",-0.3933308925,"Te-CN-Lu"
"1526_NdCNTe",-0.5282640325,"Te-CN-Nd"
"1527_RhCNTe",0.3167389825,"Te-CN-Rh"
"1528_RuCNTe",0.6117333325,"Te-CN-Ru"
"1529_ScCNTe",-0.3737560025,"Te-CN-Sc"
"1530_SmCNTe",-0.512049455,"Te-CN-Sm"
"1531_YCNTe",-0.50697264,"Te-CN-Y"
"1532_AlFTe",-1.2338029767,"Te-F-Al"
"1533_BiFTe",-1.1395232867,"Te-F-Bi"
"1534_CeFTe",-2.4869875,"Te-F-Ce"
"1535_CoFTe",-0.89002494,"Te-F-Co"
"1536_CrFTe",-1.4437306867,"Te-F-Cr"
"1537_FeFTe",-1.00856611,"Te-F-Fe"
"1538_GaFTe",-0.8869512433,"Te-F-Ga"
"1539_GdFTe",-1.0145938567,"Te-F-Gd"
"1540_InFTe",-1.08287709,"Te-F-In"
"1541_IrFTe",-0.72518481,"Te-F-Ir"
"1542_LaFTe",-2.6033008433,"Te-F-La"
"1543_LuFTe",-2.3707703967,"Te-F-Lu"
"1544_NdFTe",-2.4925018667,"Te-F-Nd"
"1545_RhFTe",-1.0684745233,"Te-F-Rh"
"1546_RuFTe",-0.6743754567,"Te-F-Ru"
"1547_ScFTe",-2.3043096867,"Te-F-Sc"
"1548_SmFTe",-2.4768246667,"Te-F-Sm"
"1549_YFTe",-2.4861504333,"Te-F-Y"
"1550_AlITe",-0.6539929767,"Te-I-Al"
"1551_BiITe",-0.4370686867,"Te-I-Bi"
"1552_CeITe",-1.65422349,"Te-I-Ce"
"1553_CoITe",-0.2797766567,"Te-I-Co"
"1554_CrITe",-0.6998419533,"Te-I-Cr"
"1555_FeITe",-0.1428493867,"Te-I-Fe"
"1556_GaITe",-0.3859098833,"Te-I-Ga"
"1557_GdITe",-1.60696659,"Te-I-Gd"
"1558_InITe",-0.55436846,"Te-I-In"
"1559_IrITe",-0.3440051533,"Te-I-Ir"
"1560_LaITe",-1.7931658433,"Te-I-La"
"1561_LuITe",-1.5664427533,"Te-I-Lu"
"1562_NdITe",-1.6880456733,"Te-I-Nd"
"1563_RhITe",-0.5517987833,"Te-I-Rh"
"1564_RuITe",-0.15648768,"Te-I-Ru"
"1565_ScITe",-1.4849122633,"Te-I-Sc"
"1566_SmITe",-1.6700738867,"Te-I-Sm"
"1567_YITe",-1.69048846,"Te-I-Y"
"1568_AlCNTe",0.330169,"Te-NC-Al"
"1569_BiCNTe",0.444494005,"Te-NC-Bi"
"1570_CeCNTe",-0.5330434375,"Te-NC-Ce"
"1571_CoCNTe",0.5233037625,"Te-NC-Co"
"1572_CrCNTe",0.16412119,"Te-NC-Cr"
"1573_FeCNTe",0.5037007475,"Te-NC-Fe"
"1574_GaCNTe",0.6170112025,"Te-NC-Ga"
"1575_GdCNTe",-0.5070293225,"Te-NC-Gd"
"1576_InCNTe",0.423055635,"Te-NC-In"
"1577_IrCNTe",0.60072882,"Te-NC-Ir"
"1578_LaCNTe",-0.6543253825,"Te-NC-La"
"1579_LuCNTe",-0.480906555,"Te-NC-Lu"
"1580_NdCNTe",-0.57364851,"Te-NC-Nd"
"1581_AlCNOTe",-0.431722886,"Te-NCO-Al"
"1582_BiCNOTe",-0.321054708,"Te-NCO-Bi"
"1583_CeCNOTe",-1.109686856,"Te-NCO-Ce"
"1584_CoCNOTe",-0.311850284,"Te-NCO-Co"
"1585_CrCNOTe",-0.580810158,"Te-NCO-Cr"
"1586_FeCNOTe",-0.324826586,"Te-NCO-Fe"
"1587_GaCNOTe",-0.251993286,"Te-NCO-Ga"
"1588_GdCNOTe",-0.306737694,"Te-NCO-Gd"
"1589_InCNOTe",-0.356717404,"Te-NCO-In"
"1590_IrCNOTe",-0.253394,"Te-NCO-Ir"
"1591_LaCNOTe",-1.175360794,"Te-NCO-La"
"1592_LuCNOTe",-1.060679184,"Te-NCO-Lu"
"1593_NdCNOTe",-1.087739482,"Te-NCO-Nd"
"1594_RhCNOTe",-0.4318485,"Te-NCO-Rh"
"1595_RuCNOTe",-0.188675118,"Te-NCO-Ru"
"1596_ScCNOTe",-1.03172164,"Te-NCO-Sc"
"1597_SmCNOTe",-1.105460798,"Te-NCO-Sm"
"1598_YCNOTe",-1.130962944,"Te-NCO-Y"
"1599_RhCNTe",0.368762345,"Te-NC-Rh"
"1600_RuCNTe",0.667073315,"Te-NC-Ru"
"1601_AlCNSTe",0.0512741986,"Te-NCS-Al"
"1602_BiCNSTe",0.1065193066,"Te-NCS-Bi"
"1603_ScCNTe",-0.4051506675,"Te-NC-Sc"
"1604_CeCNSTe",-0.6297089494,"Te-NCS-Ce"
"1605_CoCNSTe",0.1677496626,"Te-NCS-Co"
"1606_CrCNSTe",-0.1198544794,"Te-NCS-Cr"
"1607_FeCNSTe",0.1455646806,"Te-NCS-Fe"
"1608_GaCNSTe",0.2288663926,"Te-NCS-Ga"
"1609_GdCNSTe",-0.6373107174,"Te-NCS-Gd"
"1610_InCNSTe",0.0962849026,"Te-NCS-In"
"1611_IrCNSTe",0.2077403726,"Te-NCS-Ir"
"1612_LaCNSTe",-0.7429088954,"Te-NCS-La"
"1613_LuCNSTe",-0.6225903734,"Te-NCS-Lu"
"1614_SmCNTe",-0.559275185,"Te-NC-Sm"
"1615_NdCNSTe",-0.6670910234,"Te-NCS-Nd"
"1616_RhCNSTe",0.0294609366,"Te-NCS-Rh"
"1617_RuCNSTe",0.2684109846,"Te-NCS-Ru"
"1618_ScCNSTe",-0.5909877334,"Te-NCS-Sc"
"1619_SmCNSTe",-0.6788644554,"Te-NCS-Sm"
"1620_YCNSTe",-0.6922378414,"Te-NCS-Y"
"1621_YCNTe",-0.57339786,"Te-NC-Y"
"1622_AlNOTe",-0.1974023775,"Te-NO-Al"
"1623_BiNOTe",0.14490084,"Te-NO-Bi"
"1624_CeNOTe",-1.0147855075,"Te-NO-Ce"
"1625_CoNOTe",0.0407528225,"Te-NO-Co"
"1626_CrNOTe",-0.2497838175,"Te-NO-Cr"
"1627_FeNOTe",-0.00466937,"Te-NO-Fe"
"1628_GaNOTe",0.128261705,"Te-NO-Ga"
"1629_GdNOTe",-0.7358007175,"Te-NO-Gd"
"1630_InNOTe",0.09906444,"Te-NO-In"
"1631_IrNOTe",0.249646055,"Te-NO-Ir"
"1632_LaNOTe",-0.866031065,"Te-NO-La"
"1633_LuNOTe",-0.7261401775,"Te-NO-Lu"
"1634_NdNOTe",-0.76169049,"Te-NO-Nd"
"1635_RhNOTe",-0.0102379425,"Te-NO-Rh"
"1636_RuNOTe",0.1121479675,"Te-NO-Ru"
"1637_ScNOTe",-1.0109904375,"Te-NO-Sc"
"1638_SmNOTe",-0.7249229225,"Te-NO-Sm"
"1639_YNOTe",-0.7869625675,"Te-NO-Y"
"1640_AlCNOTe",-0.178856166,"Te-OCN-Al"
"1641_BiCNOTe",-0.10624584,"Te-OCN-Bi"
"1642_CeCNOTe",-0.87990798,"Te-OCN-Ce"
"1643_CoCNOTe",-0.000591928,"Te-OCN-Co"
"1644_CrCNOTe",-0.293729472,"Te-OCN-Cr"
"1645_FeCNOTe",-0.007805362,"Te-OCN-Fe"
"1646_GaCNOTe",0.030905926,"Te-OCN-Ga"
"1647_GdCNOTe",-0.065943288,"Te-OCN-Gd"
"1648_InCNOTe",-0.094301334,"Te-OCN-In"
"1649_IrCNOTe",0.077363964,"Te-OCN-Ir"
"1650_LaCNOTe",-0.973839704,"Te-OCN-La"
"1651_LuCNOTe",-0.817740456,"Te-OCN-Lu"
"1652_NdCNOTe",-0.891401922,"Te-OCN-Nd"
"1653_RhCNOTe",-0.121922034,"Te-OCN-Rh"
"1654_RuCNOTe",0.115662292,"Te-OCN-Ru"
"1655_ScCNOTe",-0.75729496,"Te-OCN-Sc"
"1656_SmCNOTe",-0.890214766,"Te-OCN-Sm"
"1657_YCNOTe",-0.870390678,"Te-OCN-Y"
"1658_AlCNSTe",0.0424866326,"Te-SCN-Al"
"1659_BiCNSTe",0.5477507786,"Te-SCN-Bi"
"1660_CeCNSTe",-0.2864316034,"Te-SCN-Ce"
"1661_CoCNSTe",0.1725505906,"Te-SCN-Co"
"1662_CrCNSTe",-0.0238789434,"Te-SCN-Cr"
"1663_FeCNSTe",0.2639743326,"Te-SCN-Fe"
"1664_GaCNSTe",0.2250178906,"Te-SCN-Ga"
"1665_GdCNSTe",-0.4882357694,"Te-SCN-Gd"
"1666_InCNSTe",0.1583388486,"Te-SCN-In"
"1667_IrCNSTe",0.1387743226,"Te-SCN-Ir"
"1668_LaCNSTe",-0.5915659014,"Te-SCN-La"
"1669_LuCNSTe",-0.4743385814,"Te-SCN-Lu"
"1670_NdCNSTe",-0.2058823614,"Te-SCN-Nd"
"1671_RhCNSTe",0.0415990126,"Te-SCN-Rh"
"1672_RuCNSTe",0.2561445766,"Te-SCN-Ru"
"1673_ScCNSTe",-0.4233157894,"Te-SCN-Sc"
"1674_SmCNSTe",-0.5216200134,"Te-SCN-Sm"
"1675_YCNSTe",-0.5313721414,"Te-SCN-Y"
"1676_AlHSTe",-0.4244156042,"Te-SH-Al"
"1677_BiHSTe",-0.1496836467,"Te-SH-Bi"
"1678_CeHSTe",-1.1250343468,"Te-SH-Ce"
"1679_CoHSTe",-0.2661664043,"Te-SH-Co"
"1680_CrHSTe",-0.5123564718,"Te-SH-Cr"
"1681_FeHSTe",-0.1464843643,"Te-SH-Fe"
"1682_GaHSTe",-0.1764371693,"Te-SH-Ga"
"1683_GdHSTe",-1.0991148593,"Te-SH-Gd"
"1684_InHSTe",-0.2929101968,"Te-SH-In"
"1685_IrHSTe",-0.2892353443,"Te-SH-Ir"
"1686_LaHSTe",-1.2179376668,"Te-SH-La"
"1687_LuHSTe",-1.0912903268,"Te-SH-Lu"
"1688_NdHSTe",-1.1509812718,"Te-SH-Nd"
"1689_RhHSTe",-0.4074695667,"Te-SH-Rh"
"1690_RuHSTe",-0.1373368343,"Te-SH-Ru"
"1691_ScHSTe",-1.0460539418,"Te-SH-Sc"
"1692_SmHSTe",-1.1414029143,"Te-SH-Sm"
"1693_YHSTe",-1.1752809793,"Te-SH-Y"
"1694_BaBrCl",-2.6188020133,"Cl-Br-Ba"
"1695_BeBrCl",-1.1654298467,"Cl-Br-Be"
"1696_CaBrCl",-2.5510975433,"Cl-Br-Ca"
"1697_CdBrCl",-1.2148028367,"Cl-Br-Cd"
"1698_CoBrCl",-0.6985226367,"Cl-Br-Co"
"1699_CuBrCl",-0.5345508833,"Cl-Br-Cu"
"1700_FeBrCl",-0.7019455367,"Cl-Br-Fe"
"1701_MgBrCl",-1.9768317633,"Cl-Br-Mg"
"1702_MnBrCl",-0.89300773,"Cl-Br-Mn"
"1703_NiBrCl",-0.9867885967,"Cl-Br-Ni"
"1704_PbBrCl",-1.1498538433,"Cl-Br-Pb"
"1705_PdBrCl",-0.5189258667,"Cl-Br-Pd"
"1706_PtBrCl",-0.11696296,"Cl-Br-Pt"
"1707_SrBrCl",-2.6105821433,"Cl-Br-Sr"
"1708_ZnBrCl",-1.1556365067,"Cl-Br-Zn"
"1709_BaBrCN",-1.0308342225,"CN-Br-Ba"
"1710_BeBrCN",0.1507802925,"CN-Br-Be"
"1711_CaBrCN",-0.936434485,"CN-Br-Ca"
"1712_CdBrCN",0.04846089,"CN-Br-Cd"
"1713_CoBrCN",0.284017535,"CN-Br-Co"
"1714_CuBrCN",0.5139304825,"CN-Br-Cu"
"1715_FeBrCN",0.2580542875,"CN-Br-Fe"
"1716_MgBrCN",-0.4806723825,"CN-Br-Mg"
"1717_MnBrCN",-0.1437341525,"CN-Br-Mn"
"1718_NiBrCN",0.2392815175,"CN-Br-Ni"
"1720_PdBrCN",0.52063444,"CN-Br-Pd"
"1721_PtBrCN",0.6742552325,"CN-Br-Pt"
"1722_SrBrCN",-1.00105321,"CN-Br-Sr"
"1723_ZnBrCN",0.1165338025,"CN-Br-Zn"
"1724_BaCClN",-1.12763585,"CN-Cl-Ba"
"1725_BeCClN",-0.02502197,"CN-Cl-Be"
"1726_CaCClN",-1.0502204475,"CN-Cl-Ca"
"1727_CdCClN",-0.0352421125,"CN-Cl-Cd"
"1728_CoCClN",0.264393735,"CN-Cl-Co"
"1729_CuCClN",0.4152957425,"CN-Cl-Cu"
"1730_FeCClN",0.13294061,"CN-Cl-Fe"
"1731_MgCClN",-0.622663015,"CN-Cl-Mg"
"1732_MnCClN",-0.32333997,"CN-Cl-Mn"
"1733_NiCClN",0.1162729075,"CN-Cl-Ni"
"1734_PbCClN",-0.003460275,"CN-Cl-Pb"
"1735_PdCClN",0.4421762925,"CN-Cl-Pd"
"1736_PtCClN",0.592477305,"CN-Cl-Pt"
"1737_SrCClN",-1.107237635,"CN-Cl-Sr"
"1738_ZnCClN",-0.0029694175,"CN-Cl-Zn"
"1739_BaCFN",-1.53439382,"CN-F-Ba"
"1740_BeCFN",-0.596093775,"CN-F-Be"
"1741_CaCFN",-1.536982505,"CN-F-Ca"
"1742_CdCFN",-0.4195424075,"CN-F-Cd"
"1743_CoCFN",-0.2474864575,"CN-F-Co"
"1744_CuCFN",0.0464409625,"CN-F-Cu"
"1745_FeCFN",-0.2629908775,"CN-F-Fe"
"1746_MgCFN",-1.1699605575,"CN-F-Mg"
"1747_MnCFN",-0.450973615,"CN-F-Mn"
"1748_NiCFN",-0.291167755,"CN-F-Ni"
"1750_PdCFN",0.1332016375,"CN-F-Pd"
"1751_PtCFN",0.281850025,"CN-F-Pt"
"1752_SrCFN",-1.556125315,"CN-F-Sr"
"1753_ZnCFN",-0.432627585,"CN-F-Zn"
"1754_BaCIN",-0.8801135375,"CN-I-Ba"
"1755_BeCIN",0.4193089125,"CN-I-Be"
"1756_CaCIN",-0.75734074,"CN-I-Ca"
"1757_CdCIN",0.2109393725,"CN-I-Cd"
"1758_CoCIN",0.5673109525,"CN-I-Co"
"1759_CuCIN",0.66476745,"CN-I-Cu"
"1760_FeCIN",0.460822135,"CN-I-Fe"
"1761_MgCIN",-0.25451783,"CN-I-Mg"
"1762_MnCIN",0.0588108825,"CN-I-Mn"
"1763_NiCIN",0.44303521,"CN-I-Ni"
"1764_PbCIN",0.1531211975,"CN-I-Pb"
"1765_PdCIN",0.6182228575,"CN-I-Pd"
"1766_PtCIN",0.770097355,"CN-I-Pt"
"1767_SrCIN",-0.8383543425,"CN-I-Sr"
"1768_ZnCIN",0.31462431,"CN-I-Zn"
"1769_BaBrF",-3.14793733,"F-Br-Ba"
"1770_BeBrF",-1.6694612133,"F-Br-Be"
"1771_CaBrF",-3.1003566333,"F-Br-Ca"
"1772_CdBrF",-1.63348886,"F-Br-Cd"
"1773_CoBrF",-1.34419721,"F-Br-Co"
"1774_CuBrF",-0.95312874,"F-Br-Cu"
"1775_FeBrF",-1.37013873,"F-Br-Fe"
"1776_MgBrF",-2.56236434,"F-Br-Mg"
"1777_MnBrF",-1.3552231,"F-Br-Mn"
"1778_NiBrF",-1.3932826533,"F-Br-Ni"
"1779_PbBrF",-1.6777859433,"F-Br-Pb"
"1780_PdBrF",-0.8165149733,"F-Br-Pd"
"1781_PtBrF",-0.2894036,"F-Br-Pt"
"1782_SrBrF",-3.1768899333,"F-Br-Sr"
"1783_ZnBrF",-1.5911347767,"F-Br-Zn"
"1784_BaClF",-3.2883944267,"F-Cl-Ba"
"1785_BeClF",-2.03252351,"F-Cl-Be"
"1786_CaClF",-3.3246273267,"F-Cl-Ca"
"1787_CdClF",-1.7689887333,"F-Cl-Cd"
"1788_CoClF",-1.5502932567,"F-Cl-Co"
"1789_CuClF",-1.0903429167,"F-Cl-Cu"
"1790_FeClF",-1.2995795233,"F-Cl-Fe"
"1791_MgClF",-2.8217227867,"F-Cl-Mg"
"1792_MnClF",-2.12607432,"F-Cl-Mn"
"1793_NiClF",-1.6043320267,"F-Cl-Ni"
"1794_PbClF",-1.7608386067,"F-Cl-Pb"
"1795_PdClF",-0.89488708,"F-Cl-Pd"
"1796_PtClF",-0.33181031,"F-Cl-Pt"
"1798_ZnClF",-1.7971996267,"F-Cl-Zn"
"1799_BaBrI",-2.2989944133,"I-Br-Ba"
"1800_BeBrI",-0.7091369333,"I-Br-Be"
"1801_CaBrI",-2.1847351833,"I-Br-Ca"
"1802_CdBrI",-0.9532888467,"I-Br-Cd"
"1803_CoBrI",-0.4431316533,"I-Br-Co"
"1804_CuBrI",-0.3191076833,"I-Br-Cu"
"1805_FeBrI",-0.37234882,"I-Br-Fe"
"1806_MgBrI",-1.5588953533,"I-Br-Mg"
"1807_MnBrI",-0.5570531467,"I-Br-Mn"
"1808_NiBrI",-0.6546113467,"I-Br-Ni"
"1809_PbBrI",-0.9429968133,"I-Br-Pb"
"1810_PdBrI",-0.38319584,"I-Br-Pd"
"1811_PtBrI",-0.1149426633,"I-Br-Pt"
"1812_SrBrI",-2.2661998233,"I-Br-Sr"
"1813_ZnBrI",-0.82563062,"I-Br-Zn"
"1814_BaClI",-2.4195076767,"I-Cl-Ba"
"1815_BeClI",-0.8052224033,"I-Cl-Be"
"1816_CaClI",-2.3164172333,"I-Cl-Ca"
"1817_CdClI",-1.0234074633,"I-Cl-Cd"
"1818_CoClI",-0.5243318967,"I-Cl-Co"
"1819_CuClI",-0.3976162367,"I-Cl-Cu"
"1820_FeClI",-0.4529564367,"I-Cl-Fe"
"1821_MgClI",-1.6818011933,"I-Cl-Mg"
"1822_MnClI",-0.65449505,"I-Cl-Mn"
"1823_NiClI",-0.74442389,"I-Cl-Ni"
"1824_PbClI",-1.0198630467,"I-Cl-Pb"
"1825_PdClI",-0.42229689,"I-Cl-Pd"
"1826_PtClI",-0.13030526,"I-Cl-Pt"
"1827_SrClI",-2.39491391,"I-Cl-Sr"
"1828_ZnClI",-0.9017089133,"I-Cl-Zn"
"1829_BaFI",-2.9268131733,"I-F-Ba"
"1830_BeFI",-1.1552764133,"I-F-Be"
"1831_CaFI",-2.8501943033,"I-F-Ca"
"1832_CdFI",-1.39359876,"I-F-Cd"
"1833_CoFI",-1.0063448,"I-F-Co"
"1834_CuFI",-0.7616090333,"I-F-Cu"
"1835_FeFI",-0.72339992,"I-F-Fe"
"1836_MgFI",-2.1463524633,"I-F-Mg"
"1837_MnFI",-1.6876454,"I-F-Mn"
"1838_NiFI",-1.0632358533,"I-F-Ni"
"1839_PbFI",-1.5235122333,"I-F-Pb"
"1840_PdFI",-0.6203747767,"I-F-Pd"
"1841_PtFI",-0.34707764,"I-F-Pt"
"1842_SrFI",-2.91832171,"I-F-Sr"
"1843_ZnFI",-1.2457349567,"I-F-Zn"
"1844_BaBrCN",-1.084540675,"NC-Br-Ba"
"1845_BeBrCN",0.0665127775,"NC-Br-Be"
"1846_CaBrCN",-1.0223620925,"NC-Br-Ca"
"1847_CdBrCN",0.02135378,"NC-Br-Cd"
"1848_CoBrCN",0.27286361,"NC-Br-Co"
"1849_CuBrCN",0.533055825,"NC-Br-Cu"
"1850_FeBrCN",0.2358510975,"NC-Br-Fe"
"1851_MgBrCN",-0.5767563825,"NC-Br-Mg"
"1852_MnBrCN",-0.19728789,"NC-Br-Mn"
"1853_NiBrCN",0.2005576425,"NC-Br-Ni"
"1854_PbBrCN",0.04674366,"NC-Br-Pb"
"1855_PdBrCN",0.55546472,"NC-Br-Pd"
"1856_PtBrCN",0.85126992,"NC-Br-Pt"
"1857_SrBrCN",-1.0734869425,"NC-Br-Sr"
"1858_ZnBrCN",0.08121471,"NC-Br-Zn"
"1859_BaCClN",-1.18565228,"NC-Cl-Ba"
"1860_BeCClN",-0.1388620925,"NC-Cl-Be"
"1861_CaCClN",-0.979485095,"NC-Cl-Ca"
"1862_CdCClN",-0.0662490375,"NC-Cl-Cd"
"1863_CoCClN",0.1393537275,"NC-Cl-Co"
"1864_CuCClN",0.44516986,"NC-Cl-Cu"
"1865_FeCClN",0.2671570325,"NC-Cl-Fe"
"1866_MgCClN",-0.7373324425,"NC-Cl-Mg"
"1867_MnCClN",-0.2752113675,"NC-Cl-Mn"
"1868_NiCClN",0.06885764,"NC-Cl-Ni"
"1869_PbCClN",-0.01343737,"NC-Cl-Pb"
"1870_PdCClN",0.489837855,"NC-Cl-Pd"
"1871_PtCClN",0.8112375975,"NC-Cl-Pt"
"1872_SrCClN",-1.1838885025,"NC-Cl-Sr"
"1873_ZnCClN",-0.04874584,"NC-Cl-Zn"
"1874_BaC2N2",-0.20223686,"NC-CN-Ba"
"1875_BeC2N2",0.669092076,"NC-CN-Be"
"1876_CaC2N2",-0.133244608,"NC-CN-Ca"
"1877_CdC2N2",0.703052884,"NC-CN-Cd"
"1878_CoC2N2",0.90368803,"NC-CN-Co"
"1879_CuC2N2",1.046617698,"NC-CN-Cu"
"1880_FeC2N2",0.815914084,"NC-CN-Fe"
"1881_MgC2N2",0.195102154,"NC-CN-Mg"
"1882_MnC2N2",0.72460845,"NC-CN-Mn"
"1883_NiC2N2",0.812801822,"NC-CN-Ni"
"1884_PbC2N2",0.735240906,"NC-CN-Pb"
"1885_PdC2N2",1.045825352,"NC-CN-Pd"
"1886_PtC2N2",1.17074132,"NC-CN-Pt"
"1887_SrC2N2",-0.178318674,"NC-CN-Sr"
"1888_ZnC2N2",0.71828171,"NC-CN-Zn"
"1889_BaCFN",-1.5880700975,"NC-F-Ba"
"1890_BeCFN",-0.77493283,"NC-F-Be"
"1891_CaCFN",-1.6504213525,"NC-F-Ca"
"1892_CdCFN",-0.4469945375,"NC-F-Cd"
"1893_CoCFN",-0.2958935025,"NC-F-Co"
"1894_CuCFN",0.0608753525,"NC-F-Cu"
"1895_FeCFN",-0.1273785725,"NC-F-Fe"
"1896_MgCFN",-1.31478056,"NC-F-Mg"
"1897_MnCFN",-0.453999395,"NC-F-Mn"
"1898_NiCFN",-0.3528978475,"NC-F-Ni"
"1899_PbCFN",-0.40999555,"NC-F-Pb"
"1900_PdCFN",0.198752885,"NC-F-Pd"
"1902_SrCFN",-1.6520344975,"NC-F-Sr"
"1903_ZnCFN",-0.48667206,"NC-F-Zn"
"1904_BaCIN",-0.9293155275,"NC-I-Ba"
"1905_BeCIN",0.380481185,"NC-I-Be"
"1906_CaCIN",-0.8275771125,"NC-I-Ca"
"1907_CdCIN",0.18205919,"NC-I-Cd"
"1908_CoCIN",0.5532964,"NC-I-Co"
"1909_CuCIN",0.647143935,"NC-I-Cu"
"1910_FeCIN",0.6348698575,"NC-I-Fe"
"1911_MgCIN",-0.32753488,"NC-I-Mg"
"1912_MnCIN",-0.0006651825,"NC-I-Mn"
"1913_NiCIN",0.408259215,"NC-I-Ni"
"1914_PbCIN",0.145546625,"NC-I-Pb"
"1916_PtCIN",0.88411355,"NC-I-Pt"
"1918_ZnCIN",0.29682384,"NC-I-Zn"
"1919_BaBrCNO",-1.50172847,"NCO-Br-Ba"
"1920_BeBrCNO",-0.704468978,"NCO-Br-Be"
"1921_CaBrCNO",-1.4961631,"NCO-Br-Ca"
"1922_CdBrCNO",-0.694109144,"NCO-Br-Cd"
"1923_CoBrCNO",-0.515569842,"NCO-Br-Co"
"1924_CuBrCNO",-0.307740614,"NCO-Br-Cu"
"1925_FeBrCNO",-0.542833138,"NCO-Br-Fe"
"1926_MgBrCNO",-1.174404968,"NCO-Br-Mg"
"1927_MnBrCNO",-0.875124396,"NCO-Br-Mn"
"1928_NiBrCNO",-0.57613817,"NCO-Br-Ni"
"1929_PbBrCNO",-0.646094374,"NCO-Br-Pb"
"1930_PdBrCNO",-0.283745532,"NCO-Br-Pd"
"1931_PtBrCNO",-0.00889099,"NCO-Br-Pt"
"1932_SrBrCNO",-1.513151034,"NCO-Br-Sr"
"1933_ZnBrCNO",-0.674592936,"NCO-Br-Zn"
"1934_BaCClNO",-1.584181074,"NCO-Cl-Ba"
"1935_BeCClNO",-0.875700606,"NCO-Cl-Be"
"1937_CdCClNO",-0.765535266,"NCO-Cl-Cd"
"1938_CoCClNO",-0.626922504,"NCO-Cl-Co"
"1939_CuCClNO",-0.382553154,"NCO-Cl-Cu"
"1940_FeCClNO",-0.656389874,"NCO-Cl-Fe"
"1942_MnCClNO",-0.972717804,"NCO-Cl-Mn"
"1943_NiCClNO",-0.69715412,"NCO-Cl-Ni"
"1944_PbCClNO",-0.69545181,"NCO-Cl-Pb"
"1945_PdCClNO",-0.349928588,"NCO-Cl-Pd"
"1946_PtCClNO",-0.056783364,"NCO-Cl-Pt"
"1947_SrCClNO",-1.603459472,"NCO-Cl-Sr"
"1949_BaC2N2O",-0.6940030033,"NCO-CN-Ba"
"1950_BeC2N2O",-0.0741963617,"NCO-CN-Be"
"1951_CaC2N2O",-0.68113,"NCO-CN-Ca"
"1952_CdC2N2O",-0.0173769283,"NCO-CN-Cd"
"1953_CoC2N2O",0.1265344567,"NCO-CN-Co"
"1954_CuC2N2O",0.2543150417,"NCO-CN-Cu"
"1955_FeC2N2O",0.0488520967,"NCO-CN-Fe"
"1956_MgC2N2O",-0.445421915,"NCO-CN-Mg"
"1957_MnC2N2O",-0.107424315,"NCO-CN-Mn"
"1958_NiC2N2O",0.0413362817,"NCO-CN-Ni"
"1959_PbC2N2O",0.0358950417,"NCO-CN-Pb"
"1960_PdC2N2O",0.26945247,"NCO-CN-Pd"
"1961_PtC2N2O",0.369383095,"NCO-CN-Pt"
"1962_SrC2N2O",-0.6966073067,"NCO-CN-Sr"
"1963_ZnC2N2O",-0.02452294,"NCO-CN-Zn"
"1964_BaCFNO",-1.939808236,"NCO-F-Ba"
"1965_BeCFNO",-1.383069242,"NCO-F-Be"
"1966_CaCFNO",-2.022249808,"NCO-F-Ca"
"1968_CoCFNO",-0.99466131,"NCO-F-Co"
"1969_CuCFNO",-0.707673882,"NCO-F-Cu"
"1970_FeCFNO",-1.004864552,"NCO-F-Fe"
"1971_MgCFNO",-1.795279938,"NCO-F-Mg"
"1973_NiCFNO",-1.040382688,"NCO-F-Ni"
"1974_PbCFNO",-1.023185908,"NCO-F-Pb"
"1975_PdCFNO",-0.3134998,"NCO-F-Pd"
"1977_SrCFNO",-2.001302708,"NCO-F-Sr"
"1978_ZnCFNO",-1.14354643,"NCO-F-Zn"
"1979_BaCINO",-1.37492193,"NCO-I-Ba"
"1980_BeCINO",-0.431660072,"NCO-I-Be"
"1981_CaCINO",-1.330517932,"NCO-I-Ca"
"1982_CdCINO",-0.55470937,"NCO-I-Cd"
"1983_CoCINO",-0.32930744,"NCO-I-Co"
"1984_CuCINO",-0.193501232,"NCO-I-Cu"
"1985_FeCINO",-0.285396662,"NCO-I-Fe"
"1986_MgCINO",-0.941174512,"NCO-I-Mg"
"1987_MnCINO",-0.70761203,"NCO-I-Mn"
"1988_NiCINO",-0.400203232,"NCO-I-Ni"
"1989_PbCINO",-0.557843206,"NCO-I-Pb"
"1990_PdCINO",-0.20057806,"NCO-I-Pd"
"1991_PtCINO",-0.01359381,"NCO-I-Pt"
"1992_SrCINO",-1.370130684,"NCO-I-Sr"
"1993_ZnCINO",-0.483397652,"NCO-I-Zn"
"1994_BaC2N2O",-0.7397976767,"NCO-NC-Ba"
"1995_BeC2N2O",-0.1700788033,"NCO-NC-Be"
"1996_CaC2N2O",-0.7540379867,"NCO-NC-Ca"
"1997_CdC2N2O",-0.0390561933,"NCO-NC-Cd"
"1998_CoC2N2O",0.059392255,"NCO-NC-Co"
"1999_CuC2N2O",0.2692695483,"NCO-NC-Cu"
"2000_FeC2N2O",0.0283075633,"NCO-NC-Fe"
"2001_MgC2N2O",-0.5381760283,"NCO-NC-Mg"
"2002_MnC2N2O",-0.1878638233,"NCO-NC-Mn"
"2003_NiC2N2O",0.004429695,"NCO-NC-Ni"
"2004_PbC2N2O",0.0275657783,"NCO-NC-Pb"
"2005_PdC2N2O",0.3187915933,"NCO-NC-Pd"
"2006_PtC2N2O",0.5385288983,"NCO-NC-Pt"
"2007_SrC2N2O",-0.7585322433,"NCO-NC-Sr"
"2008_ZnC2N2O",-0.0620835833,"NCO-NC-Zn"
"2009_BaBrCNS",-1.0659643934,"NCS-Br-Ba"
"2010_BeBrCNS",-0.1760482214,"NCS-Br-Be"
"2011_CaBrCNS",-1.0440673894,"NCS-Br-Ca"
"2012_CdBrCNS",-0.2262139194,"NCS-Br-Cd"
"2013_CoBrCNS",-0.0368233534,"NCS-Br-Co"
"2014_CuBrCNS",0.1495823466,"NCS-Br-Cu"
"2015_FeBrCNS",-0.0638661454,"NCS-Br-Fe"
"2017_MnBrCNS",-0.3985684154,"NCS-Br-Mn"
"2018_NiBrCNS",-0.0979405834,"NCS-Br-Ni"
"2019_PbBrCNS",-0.2056133994,"NCS-Br-Pb"
"2020_PdBrCNS",0.1568523686,"NCS-Br-Pd"
"2021_PtBrCNS",0.3913509746,"NCS-Br-Pt"
"2022_SrBrCNS",-1.0684653514,"NCS-Br-Sr"
"2023_ZnBrCNS",-0.1866093354,"NCS-Br-Zn"
"2024_BaCClNS",-1.1474697314,"NCS-Cl-Ba"
"2025_BeCClNS",-0.3108031194,"NCS-Cl-Be"
"2026_CaCClNS",-1.1420260614,"NCS-Cl-Ca"
"2027_CdCClNS",-0.2976996014,"NCS-Cl-Cd"
"2028_CoCClNS",-0.1341863814,"NCS-Cl-Co"
"2029_CuCClNS",0.0726540326,"NCS-Cl-Cu"
"2030_FeCClNS",-0.1618149374,"NCS-Cl-Fe"
"2031_MgCClNS",-0.8226027414,"NCS-Cl-Mg"
"2032_MnCClNS",-0.4823787754,"NCS-Cl-Mn"
"2033_NiCClNS",-0.1971126934,"NCS-Cl-Ni"
"2034_PbCClNS",-0.2545042994,"NCS-Cl-Pb"
"2035_PdCClNS",0.1004116806,"NCS-Cl-Pd"
"2036_PtCClNS",0.3487566186,"NCS-Cl-Pt"
"2037_SrCClNS",-1.1588487334,"NCS-Cl-Sr"
"2038_ZnCClNS",-0.2824660874,"NCS-Cl-Zn"
"2039_BaC2N2S",-0.3340354628,"NCS-CN-Ba"
"2040_BeC2N2S",0.4096028222,"NCS-CN-Be"
"2041_CaC2N2S",-0.3058506162,"NCS-CN-Ca"
"2042_CdC2N2S",0.3741045155,"NCS-CN-Cd"
"2043_CoC2N2S",0.5600768205,"NCS-CN-Co"
"2044_CuC2N2S",0.6500643638,"NCS-CN-Cu"
"2045_FeC2N2S",0.6029435788,"NCS-CN-Fe"
"2046_MgC2N2S",-0.0330907328,"NCS-CN-Mg"
"2047_MnC2N2S",0.2712550022,"NCS-CN-Mn"
"2048_NiC2N2S",0.4677947922,"NCS-CN-Ni"
"2049_PbC2N2S",0.4029009122,"NCS-CN-Pb"
"2050_PdC2N2S",0.6515063072,"NCS-CN-Pd"
"2051_PtC2N2S",0.7627362638,"NCS-CN-Pt"
"2052_SrC2N2S",-0.3292050762,"NCS-CN-Sr"
"2053_ZnC2N2S",0.3989102288,"NCS-CN-Zn"
"2054_BaCFNS",-1.4842868794,"NCS-F-Ba"
"2055_BeCFNS",-0.6965755174,"NCS-F-Be"
"2056_CaCFNS",-1.5506088194,"NCS-F-Ca"
"2057_CdCFNS",-0.5924991774,"NCS-F-Cd"
"2058_CoCFNS",-0.4537561514,"NCS-F-Co"
"2059_CuCFNS",-0.2254410054,"NCS-F-Cu"
"2060_FeCFNS",-0.4744999994,"NCS-F-Fe"
"2061_MgCFNS",-1.2484481194,"NCS-F-Mg"
"2062_MnCFNS",-0.7817398934,"NCS-F-Mn"
"2063_NiCFNS",-0.5042690614,"NCS-F-Ni"
"2064_PbCFNS",-0.5754245914,"NCS-F-Pb"
"2065_PdCFNS",-0.1250066474,"NCS-F-Pd"
"2066_PtCFNS",0.1644529106,"NCS-F-Pt"
"2067_SrCFNS",-1.5442423354,"NCS-F-Sr"
"2068_ZnCFNS",-0.5991177254,"NCS-F-Zn"
"2069_BaCINS",-0.9410744514,"NCS-I-Ba"
"2070_BeCINS",0.0541814006,"NCS-I-Be"
"2071_CaCINS",-0.8857528074,"NCS-I-Ca"
"2072_CdCINS",-0.0928533494,"NCS-I-Cd"
"2073_CoCINS",0.1861425246,"NCS-I-Co"
"2074_CuCINS",0.2566150666,"NCS-I-Cu"
"2075_FeCINS",0.2436878326,"NCS-I-Fe"
"2076_MgCINS",-0.4942158014,"NCS-I-Mg"
"2077_MnCINS",-0.2469348314,"NCS-I-Mn"
"2078_NiCINS",0.0681925086,"NCS-I-Ni"
"2079_PbCINS",-0.1219770254,"NCS-I-Pb"
"2080_PdCINS",0.2401924946,"NCS-I-Pd"
"2081_PtCINS",0.4826275746,"NCS-I-Pt"
"2082_SrCINS",-0.9282776214,"NCS-I-Sr"
"2083_ZnCINS",-0.0138071554,"NCS-I-Zn"
"2084_BaC2N2S",-0.3770689712,"NCS-NC-Ba"
"2085_BeC2N2S",0.3364919638,"NCS-NC-Be"
"2086_CaC2N2S",-0.3756609278,"NCS-NC-Ca"
"2087_CdC2N2S",0.3556141322,"NCS-NC-Cd"
"2088_CoC2N2S",0.4877556472,"NCS-NC-Co"
"2089_CuC2N2S",0.6570484322,"NCS-NC-Cu"
"2090_FeC2N2S",0.5671004122,"NCS-NC-Fe"
"2091_MgC2N2S",-0.1133558462,"NCS-NC-Mg"
"2092_MnC2N2S",0.2118029105,"NCS-NC-Mn"
"2093_NiC2N2S",0.4349291672,"NCS-NC-Ni"
"2094_BaC2N2OS",-0.7844637839,"NCS-NCO-Ba"
"2095_BeC2N2OS",-0.254529921,"NCS-NCO-Be"
"2096_CaC2N2OS",-0.817591571,"NCS-NCO-Ca"
"2097_CdC2N2OS",-0.2089855424,"NCS-NCO-Cd"
"2098_CoC2N2OS",-0.1147243639,"NCS-NCO-Co"
"2099_CuC2N2OS",0.0328085547,"NCS-NCO-Cu"
"2100_FeC2N2OS",-0.1391858924,"NCS-NCO-Fe"
"2101_MgC2N2OS",-0.6182815739,"NCS-NCO-Mg"
"2102_MnC2N2OS",-0.3536196881,"NCS-NCO-Mn"
"2103_NiC2N2OS",-0.1651791796,"NCS-NCO-Ni"
"2104_PbC2N2OS",-0.1570783981,"NCS-NCO-Pb"
"2105_PdC2N2OS",0.0647588561,"NCS-NCO-Pd"
"2106_PtC2N2OS",0.2460197904,"NCS-NCO-Pt"
"2108_ZnC2N2OS",-0.2152802381,"NCS-NCO-Zn"
"2109_PbC2N2S",0.3949030105,"NCS-NC-Pb"
"2110_PdC2N2S",0.6918644872,"NCS-NC-Pd"
"2111_PtC2N2S",0.9061149122,"NCS-NC-Pt"
"2112_SrC2N2S",-0.3880739678,"NCS-NC-Sr"
"2113_ZnC2N2S",0.3672974288,"NCS-NC-Zn"
"2114_BaBrNO",-1.2476384575,"NO-Br-Ba"
"2115_BeBrNO",-0.206560055,"NO-Br-Be"
"2116_CaBrNO",-1.18983496,"NO-Br-Ca"
"2117_CdBrNO",-0.1617153775,"NO-Br-Cd"
"2118_CoBrNO",-0.12055344,"NO-Br-Co"
"2119_CuBrNO",-0.002308195,"NO-Br-Cu"
"2120_FeBrNO",-0.15955873,"NO-Br-Fe"
"2121_MgBrNO",-0.7679194825,"NO-Br-Mg"
"2122_MnBrNO",-0.5932204925,"NO-Br-Mn"
"2123_NiBrNO",-0.2268541075,"NO-Br-Ni"
"2124_PbBrNO",-0.1927882425,"NO-Br-Pb"
"2125_PdBrNO",-0.0655542025,"NO-Br-Pd"
"2127_SrBrNO",-1.230366175,"NO-Br-Sr"
"2128_ZnBrNO",-0.15253787,"NO-Br-Zn"
"2129_BaClNO",-1.3446352325,"NO-Cl-Ba"
"2130_BeClNO",-0.3987850725,"NO-Cl-Be"
"2131_CaClNO",-1.3079258375,"NO-Cl-Ca"
"2132_CdClNO",-0.2511317625,"NO-Cl-Cd"
"2133_CoClNO",-0.2092170625,"NO-Cl-Co"
"2134_CuClNO",-0.146296375,"NO-Cl-Cu"
"2135_FeClNO",-0.35692646,"NO-Cl-Fe"
"2136_MgClNO",-0.921387625,"NO-Cl-Mg"
"2137_MnClNO",-0.738973195,"NO-Cl-Mn"
"2138_NiClNO",-0.3861818075,"NO-Cl-Ni"
"2139_PbClNO",-0.2491213225,"NO-Cl-Pb"
"2140_PdClNO",-0.182811545,"NO-Cl-Pd"
"2141_PtClNO",-0.0266940275,"NO-Cl-Pt"
"2142_SrClNO",-1.3388372875,"NO-Cl-Sr"
"2143_ZnClNO",-0.301208095,"NO-Cl-Zn"
"2145_BeCN2O",0.437359518,"NO-CN-Be"
"2146_CaCN2O",-0.264044584,"NO-CN-Ca"
"2147_CdCN2O",0.522990846,"NO-CN-Cd"
"2148_CoCN2O",0.444329426,"NO-CN-Co"
"2149_CuCN2O",0.555936774,"NO-CN-Cu"
"2150_FeCN2O",0.403566598,"NO-CN-Fe"
"2151_MgCN2O",0.044819828,"NO-CN-Mg"
"2152_MnCN2O",0.268561032,"NO-CN-Mn"
"2153_NiCN2O",0.373022888,"NO-CN-Ni"
"2154_PbCN2O",0.534382552,"NO-CN-Pb"
"2155_PdCN2O",0.471769442,"NO-CN-Pd"
"2156_PtCN2O",0.525236798,"NO-CN-Pt"
"2157_SrCN2O",-0.305213026,"NO-CN-Sr"
"2158_ZnCN2O",0.488506526,"NO-CN-Zn"
"2159_BaFNO",-1.761428825,"NO-F-Ba"
"2160_BeFNO",-1.239815325,"NO-F-Be"
"2162_CdFNO",-0.63584881,"NO-F-Cd"
"2163_CoFNO",-0.6821322,"NO-F-Co"
"2164_CuFNO",-0.62832753,"NO-F-Cu"
"2165_FeFNO",-0.78921079,"NO-F-Fe"
"2166_MgFNO",-1.4834191475,"NO-F-Mg"
"2167_MnFNO",-1.10473427,"NO-F-Mn"
"2168_NiFNO",-0.80653214,"NO-F-Ni"
"2169_PbFNO",-0.6490778825,"NO-F-Pb"
"2171_PtFNO",-0.3893929875,"NO-F-Pt"
"2172_SrFNO",-1.7959662925,"NO-F-Sr"
"2173_ZnFNO",-0.785750935,"NO-F-Zn"
"2174_BaINO",-1.097021425,"NO-I-Ba"
"2175_BeINO",0.1076941675,"NO-I-Be"
"2176_CaINO",-0.98461814,"NO-I-Ca"
"2177_CdINO",-0.023834005,"NO-I-Cd"
"2178_CoINO",0.1055303575,"NO-I-Co"
"2179_CuINO",0.1926928175,"NO-I-Cu"
"2180_FeINO",0.09023075,"NO-I-Fe"
"2181_MgINO",-0.5181117,"NO-I-Mg"
"2182_MnINO",-0.2940648825,"NO-I-Mn"
"2183_NiINO",0.0154416575,"NO-I-Ni"
"2184_PbINO",-0.09607133,"NO-I-Pb"
"2185_PdINO",0.10046225,"NO-I-Pd"
"2186_PtINO",0.278130525,"NO-I-Pt"
"2187_SrINO",-1.0646883375,"NO-I-Sr"
"2189_BaCN2O",-0.379046434,"NO-NC-Ba"
"2190_BeCN2O",0.299027726,"NO-NC-Be"
"2191_CaCN2O",-0.342107832,"NO-NC-Ca"
"2192_CdCN2O",0.519359614,"NO-NC-Cd"
"2193_CoCN2O",0.467510952,"NO-NC-Co"
"2194_CuCN2O",0.555167006,"NO-NC-Cu"
"2195_FeCN2O",0.418820032,"NO-NC-Fe"
"2196_MgCN2O",-0.054795594,"NO-NC-Mg"
"2197_MnCN2O",0.257191658,"NO-NC-Mn"
"2198_NiCN2O",0.360018088,"NO-NC-Ni"
"2199_BaCN2O2",-0.845554145,"NO-NCO-Ba"
"2200_BeCN2O2",-0.3916003417,"NO-NCO-Be"
"2201_CaCN2O2",-0.8648101083,"NO-NCO-Ca"
"2202_CdCN2O2",-0.1719961283,"NO-NCO-Cd"
"2203_CoCN2O2",-0.2309150317,"NO-NCO-Co"
"2204_CuCN2O2",-0.157204545,"NO-NCO-Cu"
"2205_FeCN2O2",-0.2833845283,"NO-NCO-Fe"
"2206_MgCN2O2",-0.6631369633,"NO-NCO-Mg"
"2207_MnCN2O2",-0.4490052417,"NO-NCO-Mn"
"2208_NiCN2O2",-0.330952795,"NO-NCO-Ni"
"2209_PbCN2O2",-0.1343224233,"NO-NCO-Pb"
"2210_PdCN2O2",-0.1615632117,"NO-NCO-Pd"
"2211_PtCN2O2",-0.0697492883,"NO-NCO-Pt"
"2212_SrCN2O2",-0.860286055,"NO-NCO-Sr"
"2213_ZnCN2O2",-0.2503821667,"NO-NCO-Zn"
"2214_PbCN2O",0.533747174,"NO-NC-Pb"
"2215_PdCN2O",0.5400442,"NO-NC-Pd"
"2216_PtCN2O",0.655427706,"NO-NC-Pt"
"2217_BaCN2OS",-0.4830012745,"NO-NCS-Ba"
"2218_BeCN2OS",0.1655567722,"NO-NCS-Be"
"2219_CaCN2OS",-0.4850157978,"NO-NCS-Ca"
"2220_CdCN2OS",0.2248799955,"NO-NCS-Cd"
"2221_CoCN2OS",0.2236795938,"NO-NCS-Co"
"2222_CuCN2OS",0.2783609472,"NO-NCS-Cu"
"2223_FeCN2OS",0.1932913988,"NO-NCS-Fe"
"2224_MgCN2OS",-0.2366852412,"NO-NCS-Mg"
"2225_MnCN2OS",0.0253494205,"NO-NCS-Mn"
"2226_NiCN2OS",0.1311636705,"NO-NCS-Ni"
"2227_PbCN2OS",0.2308724055,"NO-NCS-Pb"
"2228_PdCN2OS",0.2464551255,"NO-NCS-Pd"
"2229_PtCN2OS",0.3421731238,"NO-NCS-Pt"
"2231_SrCN2OS",-0.4893166712,"NO-NCS-Sr"
"2232_ZnCN2OS",0.1945666838,"NO-NCS-Zn"
"2233_ZnCN2O",0.453370076,"NO-NC-Zn"
"2234_BaBrCNO",-1.351414216,"OCN-Br-Ba"
"2235_BeBrCNO",-0.397905362,"OCN-Br-Be"
"2236_CaBrCNO",-1.265050734,"OCN-Br-Ca"
"2237_CdBrCNO",-0.396228998,"OCN-Br-Cd"
"2238_CoBrCNO",-0.14510605,"OCN-Br-Co"
"2239_CuBrCNO",-0.035567252,"OCN-Br-Cu"
"2240_FeBrCNO",-0.235659572,"OCN-Br-Fe"
"2241_MgBrCNO",-0.911135678,"OCN-Br-Mg"
"2242_MnBrCNO",-0.601772224,"OCN-Br-Mn"
"2243_NiBrCNO",-0.262537264,"OCN-Br-Ni"
"2244_PbBrCNO",-0.41995191,"OCN-Br-Pb"
"2246_PtBrCNO",0.31377945,"OCN-Br-Pt"
"2247_SrBrCNO",-1.318015324,"OCN-Br-Sr"
"2248_ZnBrCNO",-0.35548262,"OCN-Br-Zn"
"2249_BaCClNO",-1.429726344,"OCN-Cl-Ba"
"2250_BeCClNO",-0.580387556,"OCN-Cl-Be"
"2251_CaCClNO",-1.36809581,"OCN-Cl-Ca"
"2252_CdCClNO",-0.469029912,"OCN-Cl-Cd"
"2253_CoCClNO",-0.337337894,"OCN-Cl-Co"
"2254_CuCClNO",-0.127311894,"OCN-Cl-Cu"
"2255_FeCClNO",-0.346539096,"OCN-Cl-Fe"
"2256_MgCClNO",-1.04046708,"OCN-Cl-Mg"
"2257_MnCClNO",-0.694049326,"OCN-Cl-Mn"
"2258_NiCClNO",-0.380046468,"OCN-Cl-Ni"
"2259_PbCClNO",-0.465145824,"OCN-Cl-Pb"
"2260_PdCClNO",0.0523556,"OCN-Cl-Pd"
"2261_PtCClNO",0.294276128,"OCN-Cl-Pt"
"2262_SrCClNO",-1.406240184,"OCN-Cl-Sr"
"2263_ZnCClNO",-0.478375026,"OCN-Cl-Zn"
"2264_BaC2N2O",-0.5699481533,"OCN-CN-Ba"
"2265_BeC2N2O",0.1745842517,"OCN-CN-Be"
"2266_CaC2N2O",-0.4898334617,"OCN-CN-Ca"
"2267_CdC2N2O",0.2250428417,"OCN-CN-Cd"
"2268_CoC2N2O",0.3291113417,"OCN-CN-Co"
"2269_CuC2N2O",0.47543273,"OCN-CN-Cu"
"2270_FeC2N2O",0.3116272767,"OCN-CN-Fe"
"2271_MgC2N2O",-0.219073805,"OCN-CN-Mg"
"2273_NiC2N2O",0.2959431583,"OCN-CN-Ni"
"2274_PbC2N2O",0.24362937,"OCN-CN-Pb"
"2275_PdC2N2O",0.5249759333,"OCN-CN-Pd"
"2276_PtC2N2O",0.650042905,"OCN-CN-Pt"
"2277_SrC2N2O",-0.5324021383,"OCN-CN-Sr"
"2278_ZnC2N2O",0.22858308,"OCN-CN-Zn"
"2280_BeCFNO",-1.130010672,"OCN-F-Be"
"2281_CaCFNO",-1.795478342,"OCN-F-Ca"
"2282_CdCFNO",-0.780693674,"OCN-F-Cd"
"2283_CoCFNO",-0.70275647,"OCN-F-Co"
"2284_CuCFNO",-0.445586144,"OCN-F-Cu"
"2285_FeCFNO",-0.701959234,"OCN-F-Fe"
"2286_MgCFNO",-1.543829294,"OCN-F-Mg"
"2287_MnCFNO",-1.0822682,"OCN-F-Mn"
"2288_NiCFNO",-0.740503712,"OCN-F-Ni"
"2289_PbCFNO",-0.782123294,"OCN-F-Pb"
"2290_PdCFNO",-0.266518182,"OCN-F-Pd"
"2291_PtCFNO",0.106168158,"OCN-F-Pt"
"2292_SrCFNO",-1.788645996,"OCN-F-Sr"
"2293_ZnCFNO",-0.837550544,"OCN-F-Zn"
"2294_BaCINO",-1.226827236,"OCN-I-Ba"
"2295_BeCINO",-0.129693408,"OCN-I-Be"
"2296_CaCINO",-1.1197035,"OCN-I-Ca"
"2297_CdCINO",-0.276169596,"OCN-I-Cd"
"2298_CoCINO",0.024881438,"OCN-I-Co"
"2299_CuCINO",0.08217211,"OCN-I-Cu"
"2300_FeCINO",-0.050073114,"OCN-I-Fe"
"2301_MgCINO",-0.686940844,"OCN-I-Mg"
"2302_MnCINO",-0.456249246,"OCN-I-Mn"
"2303_NiCINO",-0.09294789,"OCN-I-Ni"
"2304_PbCINO",-0.354068178,"OCN-I-Pb"
"2305_PdCINO",0.083227772,"OCN-I-Pd"
"2306_PtCINO",0.258991822,"OCN-I-Pt"
"2307_SrCINO",-1.184883982,"OCN-I-Sr"
"2308_ZnCINO",-0.185874064,"OCN-I-Zn"
"2309_BaC2N2O",-0.61167854,"OCN-NC-Ba"
"2311_CaC2N2O",-0.5605238783,"OCN-NC-Ca"
"2312_CdC2N2O",0.2090149483,"OCN-NC-Cd"
"2313_CoC2N2O",0.377200855,"OCN-NC-Co"
"2314_CuC2N2O",0.48276519,"OCN-NC-Cu"
"2315_FeC2N2O",0.2661622067,"OCN-NC-Fe"
"2316_MgC2N2O",-0.3138386567,"OCN-NC-Mg"
"2317_MnC2N2O",0.3607375067,"OCN-NC-Mn"
"2318_NiC2N2O",0.2582891033,"OCN-NC-Ni"
"2319_BaC2N2O2",-0.9717665157,"OCN-NCO-Ba"
"2320_BeC2N2O2",-0.4967233657,"OCN-NCO-Be"
"2321_CaC2N2O2",-0.9777052829,"OCN-NCO-Ca"
"2322_CdC2N2O2",-0.3369604243,"OCN-NCO-Cd"
"2323_CoC2N2O2",-0.2142184914,"OCN-NCO-Co"
"2324_CuC2N2O2",-0.1212037886,"OCN-NCO-Cu"
"2325_FeC2N2O2",-0.3016772929,"OCN-NCO-Fe"
"2326_MgC2N2O2",-0.79848351,"OCN-NCO-Mg"
"2327_MnC2N2O2",-0.5447580171,"OCN-NCO-Mn"
"2328_NiC2N2O2",-0.3189097929,"OCN-NCO-Ni"
"2329_PbC2N2O2",-0.2938515857,"OCN-NCO-Pb"
"2330_PdC2N2O2",-0.0431342971,"OCN-NCO-Pd"
"2331_PtC2N2O2",0.1799539843,"OCN-NCO-Pt"
"2332_SrC2N2O2",-0.9791122057,"OCN-NCO-Sr"
"2333_ZnC2N2O2",-0.3703193486,"OCN-NCO-Zn"
"2334_PbC2N2O",0.23025334,"OCN-NC-Pb"
"2335_PdC2N2O",0.5702823433,"OCN-NC-Pd"
"2336_PtC2N2O",0.8185183083,"OCN-NC-Pt"
"2337_BaC2N2OS",-0.6613595081,"OCN-NCS-Ba"
"2338_BeC2N2OS",-0.052535281,"OCN-NCS-Be"
"2339_CaC2N2OS",-0.6545986296,"OCN-NCS-Ca"
"2340_CdC2N2OS",-0.0015823681,"OCN-NCS-Cd"
"2341_CoC2N2OS",0.142540199,"OCN-NCS-Co"
"2342_CuC2N2OS",0.216317799,"OCN-NCS-Cu"
"2343_FeC2N2OS",0.0447263019,"OCN-NCS-Fe"
"2344_MgC2N2OS",-0.4315468639,"OCN-NCS-Mg"
"2345_MnC2N2OS",-0.1963037096,"OCN-NCS-Mn"
"2346_NiC2N2OS",0.0465436261,"OCN-NCS-Ni"
"2347_PbC2N2OS",0.0173198004,"OCN-NCS-Pb"
"2348_PdC2N2OS",0.283337459,"OCN-NCS-Pd"
"2349_PtC2N2OS",0.4825219876,"OCN-NCS-Pt"
"2350_SrC2N2O",-0.5881425783,"OCN-NC-Sr"
"2351_SrC2N2OS",-0.6642409681,"OCN-NCS-Sr"
"2352_ZnC2N2OS",-0.003282271,"OCN-NCS-Zn"
"2353_ZnC2N2O",0.194233475,"OCN-NC-Zn"
"2354_BaCN2O2",-0.7182449,"OCN-NO-Ba"
"2355_BeCN2O2",-0.17820359,"OCN-NO-Be"
"2356_CaCN2O2",-0.67357275,"OCN-NO-Ca"
"2357_CdCN2O2",0.0729632533,"OCN-NO-Cd"
"2358_CoCN2O2",0.0353337617,"OCN-NO-Co"
"2359_CuCN2O2",0.072533175,"OCN-NO-Cu"
"2360_FeCN2O2",-0.0554480333,"OCN-NO-Fe"
"2361_MgCN2O2",-0.4380659767,"OCN-NO-Mg"
"2362_MnCN2O2",-0.3112307333,"OCN-NO-Mn"
"2363_NiCN2O2",-0.075064845,"OCN-NO-Ni"
"2364_PbCN2O2",0.0689703883,"OCN-NO-Pb"
"2365_PdCN2O2",0.0944337767,"OCN-NO-Pd"
"2366_PtCN2O2",0.226913865,"OCN-NO-Pt"
"2367_SrCN2O2",-0.6857063617,"OCN-NO-Sr"
"2368_ZnCN2O2",-0.0001644117,"OCN-NO-Zn"
"2369_BaBrHO",-2.07061285,"OH-Br-Ba"
"2370_BeBrHO",-1.145410435,"OH-Br-Be"
"2371_CaBrHO",-2.111388865,"OH-Br-Ca"
"2372_CdBrHO",-1.0815320275,"OH-Br-Cd"
"2373_CoBrHO",-0.8740476225,"OH-Br-Co"
"2374_CuBrHO",-0.609518435,"OH-Br-Cu"
"2375_FeBrHO",-0.8890310875,"OH-Br-Fe"
"2376_MgBrHO",-1.7424667725,"OH-Br-Mg"
"2377_MnBrHO",-1.36901487,"OH-Br-Mn"
"2378_NiBrHO",-0.944906355,"OH-Br-Ni"
"2379_PbBrHO",-1.0200170625,"OH-Br-Pb"
"2380_PdBrHO",-0.531623295,"OH-Br-Pd"
"2381_PtBrHO",-0.1566366625,"OH-Br-Pt"
"2382_SrBrHO",-2.11314372,"OH-Br-Sr"
"2383_ZnBrHO",-1.06896562,"OH-Br-Zn"
"2384_BaClHO",-2.1752264225,"OH-Cl-Ba"
"2385_BeClHO",-1.407254935,"OH-Cl-Be"
"2386_CaClHO",-2.24418371,"OH-Cl-Ca"
"2387_CdClHO",-1.1823644975,"OH-Cl-Cd"
"2388_CoClHO",-1.0248658175,"OH-Cl-Co"
"2389_CuClHO",-0.7199857925,"OH-Cl-Cu"
"2390_FeClHO",-1.04407508,"OH-Cl-Fe"
"2391_MgClHO",-1.9298150525,"OH-Cl-Mg"
"2392_MnClHO",-1.4525623125,"OH-Cl-Mn"
"2393_NiClHO",-1.1013677275,"OH-Cl-Ni"
"2394_PbClHO",-1.082251135,"OH-Cl-Pb"
"2395_PdClHO",-0.6129425275,"OH-Cl-Pd"
"2396_PtClHO",-0.196087695,"OH-Cl-Pt"
"2397_SrClHO",-2.230423905,"OH-Cl-Sr"
"2398_ZnClHO",-1.222779895,"OH-Cl-Zn"
"2399_BaCHNO",-0.994524998,"OH-CN-Ba"
"2400_BeCHNO",-0.377674732,"OH-CN-Be"
"2401_CaCHNO",-1.02992148,"OH-CN-Ca"
"2402_CdCHNO",-0.215800718,"OH-CN-Cd"
"2403_CoCHNO",-0.11269604,"OH-CN-Co"
"2404_CuCHNO",0.106648464,"OH-CN-Cu"
"2405_FeCHNO",-0.133506724,"OH-CN-Fe"
"2406_MgCHNO",-0.779746334,"OH-CN-Mg"
"2407_MnCHNO",-0.407645696,"OH-CN-Mn"
"2408_NiCHNO",-0.154249992,"OH-CN-Ni"
"2409_PbCHNO",-0.142713632,"OH-CN-Pb"
"2410_PdCHNO",0.17331673,"OH-CN-Pd"
"2411_PtCHNO",0.291648868,"OH-CN-Pt"
"2412_SrCHNO",-1.026443824,"OH-CN-Sr"
"2413_ZnCHNO",-0.24483942,"OH-CN-Zn"
"2414_BaFHO",-2.6366309375,"OH-F-Ba"
"2415_BeFHO",-2.20478163,"OH-F-Be"
"2416_CaFHO",-2.7818810175,"OH-F-Ca"
"2417_CdFHO",-1.5677389975,"OH-F-Cd"
"2418_CoFHO",-1.5007970525,"OH-F-Co"
"2419_CuFHO",-1.1341004925,"OH-F-Cu"
"2420_FeFHO",-1.51057727,"OH-F-Fe"
"2421_MgFHO",-2.5686474375,"OH-F-Mg"
"2422_MnFHO",-1.933702515,"OH-F-Mn"
"2423_NiFHO",-1.561757755,"OH-F-Ni"
"2424_PbFHO",-1.48381345,"OH-F-Pb"
"2425_PdFHO",-0.7674264825,"OH-F-Pd"
"2427_SrFHO",-2.7307894575,"OH-F-Sr"
"2428_ZnFHO",-1.6935786875,"OH-F-Zn"
"2429_BaHIO",-1.9094986575,"OH-I-Ba"
"2430_BeHIO",-0.7538151025,"OH-I-Be"
"2431_CaHIO",-1.89402981,"OH-I-Ca"
"2432_CdHIO",-0.8947340075,"OH-I-Cd"
"2433_CoHIO",-0.5339834675,"OH-I-Co"
"2435_FeHIO",-0.463362375,"OH-I-Fe"
"2436_MgHIO",-1.436100275,"OH-I-Mg"
"2437_MnHIO",-1.110777835,"OH-I-Mn"
"2439_PbHIO",-0.909296185,"OH-I-Pb"
"2440_PdHIO",-0.372953605,"OH-I-Pd"
"2441_PtHIO",-0.1699279325,"OH-I-Pt"
"2442_SrHIO",-1.925087775,"OH-I-Sr"
"2443_ZnHIO",-0.8098630975,"OH-I-Zn"
"2444_BaCHNO",-1.052684356,"OH-NC-Ba"
"2445_BeCHNO",-0.506837244,"OH-NC-Be"
"2446_CaCHNO",-1.117213882,"OH-NC-Ca"
"2447_CdCHNO",-0.238216992,"OH-NC-Cd"
"2448_CoCHNO",-0.144387534,"OH-NC-Co"
"2449_CuCHNO",0.11672403,"OH-NC-Cu"
"2450_FeCHNO",-0.167558824,"OH-NC-Fe"
"2451_MgCHNO",-0.897071072,"OH-NC-Mg"
"2452_MnCHNO",-0.468709928,"OH-NC-Mn"
"2453_NiCHNO",-0.203154498,"OH-NC-Ni"
"2454_BaCHNO2",-1.4280285083,"OH-NCO-Ba"
"2455_BeCHNO2",-1.0592452267,"OH-NCO-Be"
"2456_CaCHNO2",-1.5191421933,"OH-NCO-Ca"
"2457_CdCHNO2",-0.7993569617,"OH-NCO-Cd"
"2458_CoCHNO2",-0.740117605,"OH-NCO-Co"
"2459_CuCHNO2",-0.5225232517,"OH-NCO-Cu"
"2460_FeCHNO2",-0.780355055,"OH-NCO-Fe"
"2461_MgCHNO2",-1.3614968967,"OH-NCO-Mg"
"2462_MnCHNO2",-1.05413364,"OH-NCO-Mn"
"2463_NiCHNO2",-0.7969455817,"OH-NCO-Ni"
"2464_PbCHNO2",-0.7016165417,"OH-NCO-Pb"
"2465_PdCHNO2",-0.42962709,"OH-NCO-Pd"
"2466_PtCHNO2",-0.1923580317,"OH-NCO-Pt"
"2467_SrCHNO2",-1.4862098367,"OH-NCO-Sr"
"2468_ZnCHNO2",-0.863643285,"OH-NCO-Zn"
"2469_PbCHNO",-0.149359254,"OH-NC-Pb"
"2470_PdCHNO",0.225250262,"OH-NC-Pd"
"2471_PtCHNO",0.499595724,"OH-NC-Pt"
"2472_BaCHNOS",-1.0524473245,"OH-NCS-Ba"
"2473_BeCHNOS",-0.4904375495,"OH-NCS-Be"
"2474_CaCHNOS",-1.1212856295,"OH-NCS-Ca"
"2475_CdCHNOS",-0.3880583428,"OH-NCS-Cd"
"2476_CoCHNOS",-0.2246800595,"OH-NCS-Co"
"2477_CuCHNOS",-0.1111869678,"OH-NCS-Cu"
"2478_FeCHNOS",-0.3419534412,"OH-NCS-Fe"
"2479_MgCHNOS",-0.9045767695,"OH-NCS-Mg"
"2480_MnCHNOS",-0.6052114845,"OH-NCS-Mn"
"2481_NiCHNOS",-0.3430513028,"OH-NCS-Ni"
"2482_PbCHNOS",-0.3269921112,"OH-NCS-Pb"
"2483_PdCHNOS",-0.0372566545,"OH-NCS-Pd"
"2484_PtCHNOS",0.1846698055,"OH-NCS-Pt"
"2485_SrCHNO",-1.104321372,"OH-NC-Sr"
"2486_SrCHNOS",-1.1027378378,"OH-NCS-Sr"
"2487_ZnCHNOS",-0.4081356428,"OH-NCS-Zn"
"2488_ZnCHNO",-0.290900396,"OH-NC-Zn"
"2489_BaHNO2",-1.182119178,"OH-NO-Ba"
"2490_BeHNO2",-0.868230294,"OH-NO-Be"
"2491_CaHNO2",-1.250246814,"OH-NO-Ca"
"2492_CdHNO2",-0.395460644,"OH-NO-Cd"
"2493_CoHNO2",-0.4834116,"OH-NO-Co"
"2494_CuHNO2",-0.400698776,"OH-NO-Cu"
"2495_FeHNO2",-0.572307492,"OH-NO-Fe"
"2496_MgHNO2",-1.035344904,"OH-NO-Mg"
"2497_MnHNO2",-0.835018902,"OH-NO-Mn"
"2498_NiHNO2",-0.599462002,"OH-NO-Ni"
"2499_PbHNO2",-0.341423728,"OH-NO-Pb"
"2501_PtHNO2",-0.23322149,"OH-NO-Pt"
"2502_SrHNO2",-1.005196242,"OH-NO-Sr"
"2503_ZnHNO2",-0.530704694,"OH-NO-Zn"
"2504_BaCHNO2",-1.2814000567,"OH-OCN-Ba"
"2505_BeCHNO2",-0.85513206,"OH-OCN-Be"
"2506_CaCHNO2",-1.3269196183,"OH-OCN-Ca"
"2507_CdCHNO2",-0.5562412883,"OH-OCN-Cd"
"2508_CoCHNO2",-0.42951318,"OH-OCN-Co"
"2509_CuCHNO2",-0.3116570117,"OH-OCN-Cu"
"2510_FeCHNO2",-0.5411341,"OH-OCN-Fe"
"2511_MgCHNO2",-1.1581546,"OH-OCN-Mg"
"2512_MnCHNO2",-0.806625295,"OH-OCN-Mn"
"2513_NiCHNO2",-0.5539637333,"OH-OCN-Ni"
"2514_PbCHNO2",-0.5008744533,"OH-OCN-Pb"
"2515_PdCHNO2",-0.1754112733,"OH-OCN-Pd"
"2516_PtCHNO2",0.1280185567,"OH-OCN-Pt"
"2517_SrCHNO2",-1.3137035233,"OH-OCN-Sr"
"2518_ZnCHNO2",-0.621749715,"OH-OCN-Zn"
"2519_BaCHNOS",-0.8650448745,"OH-SCN-Ba"
"2520_BeCHNOS",-0.3126348245,"OH-SCN-Be"
"2521_CaCHNOS",-0.8862205928,"OH-SCN-Ca"
"2522_CdCHNOS",-0.2268779278,"OH-SCN-Cd"
"2523_CoCHNOS",-0.1269335745,"OH-SCN-Co"
"2524_CuCHNOS",0.0037136505,"OH-SCN-Cu"
"2525_FeCHNOS",-0.1370988945,"OH-SCN-Fe"
"2526_MgCHNOS",-0.6445600862,"OH-SCN-Mg"
"2527_MnCHNOS",-0.4208694978,"OH-SCN-Mn"
"2528_NiCHNOS",-0.2035722545,"OH-SCN-Ni"
"2529_PbCHNOS",-0.1935263495,"OH-SCN-Pb"
"2530_PdCHNOS",0.0368798705,"OH-SCN-Pd"
"2531_PtCHNOS",0.1389071688,"OH-SCN-Pt"
"2532_SrCHNOS",-0.8873812012,"OH-SCN-Sr"
"2533_ZnCHNOS",-0.2353415728,"OH-SCN-Zn"
"2534_BaH2OS",-1.4035548754,"OH-SH-Ba"
"2535_BeH2OS",-0.7619766474,"OH-SH-Be"
"2536_CaH2OS",-1.4421462934,"OH-SH-Ca"
"2537_CdH2OS",-0.6434124254,"OH-SH-Cd"
"2538_CoH2OS",-0.5590412414,"OH-SH-Co"
"2540_FeH2OS",-0.5851834034,"OH-SH-Fe"
"2541_MgH2OS",-1.1580945114,"OH-SH-Mg"
"2542_MnH2OS",-0.5872951574,"OH-SH-Mn"
"2543_NiH2OS",-0.6118506714,"OH-SH-Ni"
"2544_PbH2OS",-0.5932531154,"OH-SH-Pb"
"2545_PdH2OS",-0.3127901714,"OH-SH-Pd"
"2546_PtH2OS",-0.2106336894,"OH-SH-Pt"
"2547_SrH2OS",-1.4376726214,"OH-SH-Sr"
"2548_ZnH2OS",-0.6606056974,"OH-SH-Zn"
"2549_BaBrCNS",-0.9117047034,"SCN-Br-Ba"
"2550_BeBrCNS",-0.0858777014,"SCN-Br-Be"
"2551_CaBrCNS",-0.8420721774,"SCN-Br-Ca"
"2552_CdBrCNS",-0.1145198054,"SCN-Br-Cd"
"2553_CoBrCNS",0.0554712206,"SCN-Br-Co"
"2554_CuBrCNS",0.2149869626,"SCN-Br-Cu"
"2555_FeBrCNS",0.0549063946,"SCN-Br-Fe"
"2556_MgBrCNS",-0.5134230934,"SCN-Br-Mg"
"2557_MnBrCNS",0.0297652806,"SCN-Br-Mn"
"2558_NiBrCNS",-0.0293385034,"SCN-Br-Ni"
"2559_PbBrCNS",-0.0652981974,"SCN-Br-Pb"
"2560_PdBrCNS",0.2274947546,"SCN-Br-Pd"
"2561_PtBrCNS",0.3416344386,"SCN-Br-Pt"
"2562_SrBrCNS",-0.8857910474,"SCN-Br-Sr"
"2563_ZnBrCNS",-0.0863509494,"SCN-Br-Zn"
"2564_BaCClNS",-0.9776231354,"SCN-Cl-Ba"
"2565_BeCClNS",-0.1743376414,"SCN-Cl-Be"
"2566_CaCClNS",-0.9208693814,"SCN-Cl-Ca"
"2567_CdCClNS",-0.1528276014,"SCN-Cl-Cd"
"2568_CoCClNS",-0.0094919754,"SCN-Cl-Co"
"2569_CuCClNS",0.1450296986,"SCN-Cl-Cu"
"2570_FeCClNS",-0.0286533534,"SCN-Cl-Fe"
"2571_MgCClNS",-0.5951013514,"SCN-Cl-Mg"
"2572_MnCClNS",-0.0509613874,"SCN-Cl-Mn"
"2573_NiCClNS",-0.0928887054,"SCN-Cl-Ni"
"2574_PbCClNS",-0.1089517414,"SCN-Cl-Pb"
"2575_PdCClNS",0.1979409386,"SCN-Cl-Pd"
"2576_PtCClNS",0.3364500566,"SCN-Cl-Pt"
"2577_SrCClNS",-0.9601036614,"SCN-Cl-Sr"
"2578_ZnCClNS",-0.1417450114,"SCN-Cl-Zn"
"2579_BaC2N2S",-0.1783751595,"SCN-CN-Ba"
"2580_BeC2N2S",0.5384949022,"SCN-CN-Be"
"2581_CaC2N2S",-0.1049580828,"SCN-CN-Ca"
"2582_CdC2N2S",0.5190777438,"SCN-CN-Cd"
"2583_CoC2N2S",0.6217131655,"SCN-CN-Co"
"2584_CuC2N2S",0.7528881588,"SCN-CN-Cu"
"2585_FeC2N2S",0.6162082638,"SCN-CN-Fe"
"2586_MgC2N2S",0.1841702305,"SCN-CN-Mg"
"2587_MnC2N2S",0.3597766888,"SCN-CN-Mn"
"2588_NiC2N2S",0.5802784405,"SCN-CN-Ni"
"2589_PbC2N2S",0.5314462738,"SCN-CN-Pb"
"2590_PdC2N2S",0.7459125022,"SCN-CN-Pd"
"2591_PtC2N2S",0.8205165438,"SCN-CN-Pt"
"2592_SrC2N2S",-0.1512315945,"SCN-CN-Sr"
"2593_ZnC2N2S",0.5438779322,"SCN-CN-Zn"
"2594_BaCFNS",-1.2662523754,"SCN-F-Ba"
"2595_BeCFNS",-0.4334322874,"SCN-F-Be"
"2596_CaCFNS",-1.2584195354,"SCN-F-Ca"
"2597_CdCFNS",-0.3827061714,"SCN-F-Cd"
"2598_CoCFNS",-0.2503244554,"SCN-F-Co"
"2599_CuCFNS",-0.0730163734,"SCN-F-Cu"
"2600_FeCFNS",-0.2419099094,"SCN-F-Fe"
"2601_MgCFNS",-0.9105708974,"SCN-F-Mg"
"2602_MnCFNS",-0.3125347654,"SCN-F-Mn"
"2603_NiCFNS",-0.3234525574,"SCN-F-Ni"
"2604_PbCFNS",-0.4218424234,"SCN-F-Pb"
"2605_PdCFNS",-0.0375055454,"SCN-F-Pd"
"2606_PtCFNS",0.0924747086,"SCN-F-Pt"
"2607_SrCFNS",-1.2770227354,"SCN-F-Sr"
"2608_ZnCFNS",-0.3726539334,"SCN-F-Zn"
"2609_BaCINS",-0.7987977674,"SCN-I-Ba"
"2610_BeCINS",0.0861267606,"SCN-I-Be"
"2611_CaCINS",-0.7208288554,"SCN-I-Ca"
"2612_CdCINS",-0.0258973194,"SCN-I-Cd"
"2613_CoCINS",0.1632027866,"SCN-I-Co"
"2614_CuCINS",0.2755132946,"SCN-I-Cu"
"2615_FeCINS",0.1970663246,"SCN-I-Fe"
"2616_MgCINS",-0.3731724574,"SCN-I-Mg"
"2617_MnCINS",-0.1726141814,"SCN-I-Mn"
"2618_NiCINS",0.0860485166,"SCN-I-Ni"
"2619_PbCINS",0.0011292346,"SCN-I-Pb"
"2620_PdCINS",0.2657137206,"SCN-I-Pd"
"2621_PtCINS",0.3886885186,"SCN-I-Pt"
"2622_SrCINS",-0.7714706454,"SCN-I-Sr"
"2623_ZnCINS",0.0309801166,"SCN-I-Zn"
"2624_BaC2N2S",-0.2165932862,"SCN-NC-Ba"
"2625_BeC2N2S",0.4967254788,"SCN-NC-Be"
"2626_CaC2N2S",-0.1573196695,"SCN-NC-Ca"
"2627_CdC2N2S",0.5043758488,"SCN-NC-Cd"
"2628_CoC2N2S",0.6237365388,"SCN-NC-Co"
"2629_CuC2N2S",0.7530565905,"SCN-NC-Cu"
"2630_FeC2N2S",0.6043773888,"SCN-NC-Fe"
"2631_MgC2N2S",0.1250036638,"SCN-NC-Mg"
"2632_MnC2N2S",0.5798846438,"SCN-NC-Mn"
"2633_NiC2N2S",0.5689867672,"SCN-NC-Ni"
"2634_BaC2N2OS",-0.6217451596,"SCN-NCO-Ba"
"2635_BeC2N2OS",-0.1193055324,"SCN-NCO-Be"
"2636_CaC2N2OS",-0.6152018996,"SCN-NCO-Ca"
"2637_CdC2N2OS",-0.0713815839,"SCN-NCO-Cd"
"2638_CoC2N2OS",0.0007559961,"SCN-NCO-Co"
"2639_CuC2N2OS",0.126756189,"SCN-NCO-Cu"
"2640_FeC2N2OS",-0.0125546653,"SCN-NCO-Fe"
"2641_MgC2N2OS",-0.4049897553,"SCN-NCO-Mg"
"2642_MnC2N2OS",-0.235596031,"SCN-NCO-Mn"
"2643_NiC2N2OS",-0.0505734867,"SCN-NCO-Ni"
"2644_PbC2N2OS",-0.0329659267,"SCN-NCO-Pb"
"2645_PdC2N2OS",0.1640595747,"SCN-NCO-Pd"
"2646_PtC2N2OS",0.2630460861,"SCN-NCO-Pt"
"2647_SrC2N2OS",-0.6270819824,"SCN-NCO-Sr"
"2648_ZnC2N2OS",-0.0764618153,"SCN-NCO-Zn"
"2649_PbC2N2S",0.5257296622,"SCN-NC-Pb"
"2650_PdC2N2S",0.7581247672,"SCN-NC-Pd"
"2651_PtC2N2S",0.8971130272,"SCN-NC-Pt"
"2652_BaC2N2S2",-0.3209887777,"SCN-NCS-Ba"
"2653_BeC2N2S2",0.2474732509,"SCN-NCS-Be"
"2654_CaC2N2S2",-0.2995928377,"SCN-NCS-Ca"
"2655_CdC2N2S2",0.2544166223,"SCN-NCS-Cd"
"2656_CoC2N2S2",0.3291117694,"SCN-NCS-Co"
"2657_CuC2N2S2",0.4390410023,"SCN-NCS-Cu"
"2658_FeC2N2S2",0.326074108,"SCN-NCS-Fe"
"2659_MgC2N2S2",-0.070179962,"SCN-NCS-Mg"
"2660_MnC2N2S2",0.3043170494,"SCN-NCS-Mn"
"2661_NiC2N2S2",0.2859256066,"SCN-NCS-Ni"
"2662_PbC2N2S2",0.2750279909,"SCN-NCS-Pb"
"2663_PdC2N2S2",0.4629943751,"SCN-NCS-Pd"
"2664_PtC2N2S2",0.5645221251,"SCN-NCS-Pt"
"2665_SrC2N2S",-0.1929262162,"SCN-NC-Sr"
"2666_SrC2N2S2",-0.3160071091,"SCN-NCS-Sr"
"2667_ZnC2N2S2",0.2623621351,"SCN-NCS-Zn"
"2668_ZnC2N2S",0.5249923838,"SCN-NC-Zn"
"2669_BaCN2OS",-0.3315335462,"SCN-NO-Ba"
"2670_BeCN2OS",0.3264409938,"SCN-NO-Be"
"2671_CaCN2OS",-0.2745550795,"SCN-NO-Ca"
"2672_CdCN2OS",0.3765538422,"SCN-NO-Cd"
"2673_CoCN2OS",0.3443605588,"SCN-NO-Co"
"2674_CuCN2OS",0.4242986538,"SCN-NO-Cu"
"2675_FeCN2OS",0.3101513822,"SCN-NO-Fe"
"2676_MgCN2OS",0.0097714005,"SCN-NO-Mg"
"2677_MnCN2OS",0.1137288422,"SCN-NO-Mn"
"2679_PbCN2OS",0.3666778472,"SCN-NO-Pb"
"2680_PdCN2OS",0.3641665022,"SCN-NO-Pd"
"2681_PtCN2OS",0.4302708738,"SCN-NO-Pt"
"2682_SrCN2OS",-0.3036621828,"SCN-NO-Sr"
"2683_ZnCN2OS",0.3543753855,"SCN-NO-Zn"
"2684_BaC2N2OS",-0.5145700467,"SCN-OCN-Ba"
"2685_BeC2N2OS",0.1082161161,"SCN-OCN-Be"
"2686_CaC2N2OS",-0.4494577396,"SCN-OCN-Ca"
"2687_CdC2N2OS",0.1446622261,"SCN-OCN-Cd"
"2688_CoC2N2OS",0.205190139,"SCN-OCN-Co"
"2689_CuC2N2OS",0.3208632933,"SCN-OCN-Cu"
"2690_FeC2N2OS",0.2316546533,"SCN-OCN-Fe"
"2691_MgC2N2OS",-0.1993901281,"SCN-OCN-Mg"
"2692_MnC2N2OS",-0.0164179824,"SCN-OCN-Mn"
"2693_NiC2N2OS",0.1733553304,"SCN-OCN-Ni"
"2694_PbC2N2OS",0.1248242704,"SCN-OCN-Pb"
"2695_PdC2N2OS",0.3292784747,"SCN-OCN-Pd"
"2696_PtC2N2OS",0.4296719033,"SCN-OCN-Pt"
"2697_SrC2N2OS",-0.4836982781,"SCN-OCN-Sr"
"2698_ZnC2N2OS",0.153451149,"SCN-OCN-Zn"
"2699_BaBrHS",-1.5796121218,"SH-Br-Ba"
"2700_BeBrHS",-0.6016937043,"SH-Br-Be"
"2701_CaBrHS",-1.5413060168,"SH-Br-Ca"
"2702_CdBrHS",-0.6265131843,"SH-Br-Cd"
"2704_CuBrHS",-0.2162060693,"SH-Br-Cu"
"2705_FeBrHS",-0.4093188918,"SH-Br-Fe"
"2706_MgBrHS",-1.1405417643,"SH-Br-Mg"
"2707_MnBrHS",-0.4573433368,"SH-Br-Mn"
"2708_NiBrHS",-0.5124452318,"SH-Br-Ni"
"2709_PbBrHS",-0.5462228517,"SH-Br-Pb"
"2710_PdBrHS",-0.2243492668,"SH-Br-Pd"
"2711_PtBrHS",-0.0304197292,"SH-Br-Pt"
"2712_SrBrHS",-1.5797060168,"SH-Br-Sr"
"2713_ZnBrHS",-0.5937051667,"SH-Br-Zn"
"2714_BaClHS",-1.6678674718,"SH-Cl-Ba"
"2715_BeClHS",-0.7171908668,"SH-Cl-Be"
"2716_CaClHS",-1.6395441793,"SH-Cl-Ca"
"2717_CdClHS",-0.6826212218,"SH-Cl-Cd"
"2718_CoClHS",-0.4883192568,"SH-Cl-Co"
"2719_CuClHS",-0.2534143442,"SH-Cl-Cu"
"2720_FeClHS",-0.5191653768,"SH-Cl-Fe"
"2721_MgClHS",-1.2433416568,"SH-Cl-Mg"
"2722_MnClHS",-0.5271829793,"SH-Cl-Mn"
"2723_NiClHS",-0.5965050718,"SH-Cl-Ni"
"2724_PbClHS",-0.6057402568,"SH-Cl-Pb"
"2725_PdClHS",-0.2162135767,"SH-Cl-Pd"
"2726_PtClHS",-0.0683469492,"SH-Cl-Pt"
"2727_SrClHS",-1.6730609468,"SH-Cl-Sr"
"2729_BaCHNS",-0.5860673874,"SH-CN-Ba"
"2730_BeCHNS",0.2333461886,"SH-CN-Be"
"2731_CaCHNS",-0.5294002714,"SH-CN-Ca"
"2732_CdCHNS",0.2254934686,"SH-CN-Cd"
"2733_CoCHNS",0.3508761506,"SH-CN-Co"
"2734_CuCHNS",0.5309366486,"SH-CN-Cu"
"2735_FeCHNS",0.3363718006,"SH-CN-Fe"
"2736_MgCHNS",-0.1904808914,"SH-CN-Mg"
"2737_MnCHNS",0.2998070006,"SH-CN-Mn"
"2738_NiCHNS",0.3018245646,"SH-CN-Ni"
"2739_PbCHNS",0.2457442006,"SH-CN-Pb"
"2740_PdCHNS",0.5176089206,"SH-CN-Pd"
"2741_PtCHNS",0.5927758106,"SH-CN-Pt"
"2742_SrCHNS",-0.5724035334,"SH-CN-Sr"
"2743_ZnCHNS",0.2535408106,"SH-CN-Zn"
"2744_BaFHS",-2.0434241343,"SH-F-Ba"
"2745_BeFHS",-1.0708615768,"SH-F-Be"
"2746_CaFHS",-2.0469149293,"SH-F-Ca"
"2747_CdFHS",-0.9578860893,"SH-F-Cd"
"2748_CoFHS",-0.8033478893,"SH-F-Co"
"2749_CuFHS",-0.5753500168,"SH-F-Cu"
"2750_FeFHS",-0.8274102368,"SH-F-Fe"
"2751_MgFHS",-1.6234189218,"SH-F-Mg"
"2752_MnFHS",-0.8536470118,"SH-F-Mn"
"2753_NiFHS",-0.8875303643,"SH-F-Ni"
"2754_PbFHS",-0.9884196568,"SH-F-Pb"
"2755_PdFHS",-0.5180785992,"SH-F-Pd"
"2756_PtFHS",-0.3895002142,"SH-F-Pt"
"2757_SrFHS",-2.0657407618,"SH-F-Sr"
"2759_BaHIS",-1.4391507143,"SH-I-Ba"
"2760_BeHIS",-0.3796256143,"SH-I-Be"
"2761_CaHIS",-1.3841101843,"SH-I-Ca"
"2762_CdHIS",-0.5096509618,"SH-I-Cd"
"2763_CoHIS",-0.2630116718,"SH-I-Co"
"2764_CuHIS",-0.1175967992,"SH-I-Cu"
"2765_FeHIS",-0.2241907418,"SH-I-Fe"
"2766_MgHIS",-0.9602317617,"SH-I-Mg"
"2767_MnHIS",-0.5995584043,"SH-I-Mn"
"2768_NiHIS",-0.3548727368,"SH-I-Ni"
"2769_PbHIS",-0.4560697692,"SH-I-Pb"
"2770_PdHIS",-0.1257708442,"SH-I-Pd"
"2771_PtHIS",0.0084794583,"SH-I-Pt"
"2772_SrHIS",-1.4299548818,"SH-I-Sr"
"2773_ZnHIS",-0.4398911567,"SH-I-Zn"
"2774_BaCHNS",-0.6280798474,"SH-NC-Ba"
"2775_BeCHNS",0.1804475646,"SH-NC-Be"
"2776_CaCHNS",-0.5903847374,"SH-NC-Ca"
"2777_CdCHNS",0.2050494546,"SH-NC-Cd"
"2778_CoCHNS",0.3529748546,"SH-NC-Co"
"2779_CuCHNS",0.5297254866,"SH-NC-Cu"
"2780_FeCHNS",0.3198288866,"SH-NC-Fe"
"2781_MgCHNS",-0.2605115134,"SH-NC-Mg"
"2782_MnCHNS",0.2976753506,"SH-NC-Mn"
"2783_NiCHNS",0.2777183686,"SH-NC-Ni"
"2784_BaCHNOS",-1.0506969812,"SH-NCO-Ba"
"2785_BeCHNOS",-0.4802092278,"SH-NCO-Be"
"2786_CaCHNOS",-1.0562277245,"SH-NCO-Ca"
"2787_CdCHNOS",-0.4138023145,"SH-NCO-Cd"
"2788_CoCHNOS",-0.3272178595,"SH-NCO-Co"
"2789_CuCHNOS",-0.1591913095,"SH-NCO-Cu"
"2790_FeCHNOS",-0.3404576995,"SH-NCO-Fe"
"2791_MgCHNOS",-0.8112244595,"SH-NCO-Mg"
"2792_MnCHNOS",-0.3780724395,"SH-NCO-Mn"
"2793_NiCHNOS",-0.3848024812,"SH-NCO-Ni"
"2794_PbCHNOS",-0.3638249262,"SH-NCO-Pb"
"2795_PdCHNOS",-0.1230004928,"SH-NCO-Pd"
"2796_PtCHNOS",-0.0245146978,"SH-NCO-Pt"
"2797_SrCHNOS",-1.0642094728,"SH-NCO-Sr"
"2798_ZnCHNOS",-0.4193507962,"SH-NCO-Zn"
"2799_PbCHNS",0.2395206306,"SH-NC-Pb"
"2800_PdCHNS",0.5837470046,"SH-NC-Pd"
"2801_PtCHNS",0.7074437526,"SH-NC-Pt"
"2802_BaCHNS2",-0.687502069,"SH-NCS-Ba"
"2803_BeCHNS2",-0.038300319,"SH-NCS-Be"
"2804_CaCHNS2",-0.6752246307,"SH-NCS-Ca"
"2805_CdCHNS2",-0.022261889,"SH-NCS-Cd"
"2806_CoCHNS2",0.072741931,"SH-NCS-Co"
"2807_CuCHNS2",0.2103760277,"SH-NCS-Cu"
"2808_FeCHNS2",0.0642093643,"SH-NCS-Fe"
"2809_MgCHNS2",-0.4088612207,"SH-NCS-Mg"
"2810_MnCHNS2",-0.129258334,"SH-NCS-Mn"
"2811_NiCHNS2",0.0222302327,"SH-NCS-Ni"
"2812_PbCHNS2",0.002719761,"SH-NCS-Pb"
"2813_PdCHNS2",0.2362622493,"SH-NCS-Pd"
"2814_PtCHNS2",0.3351834827,"SH-NCS-Pt"
"2815_SrCHNS",-0.6270626614,"SH-NC-Sr"
"2816_SrCHNS2",-0.6937403307,"SH-NCS-Sr"
"2817_ZnCHNS2",-0.0132557407,"SH-NCS-Zn"
"2818_ZnCHNS",0.2273704506,"SH-NC-Zn"
"2819_BaHNOS",-0.7563632534,"SH-NO-Ba"
"2820_BeHNOS",-0.0296439274,"SH-NO-Be"
"2821_CaHNOS",-0.7289383034,"SH-NO-Ca"
"2822_CdHNOS",0.0634878406,"SH-NO-Cd"
"2824_CuHNOS",0.1251809346,"SH-NO-Cu"
"2825_FeHNOS",0.1009264886,"SH-NO-Fe"
"2826_MgHNOS",-0.3961971634,"SH-NO-Mg"
"2827_MnHNOS",-0.2717769574,"SH-NO-Mn"
"2829_PbHNOS",0.0514559026,"SH-NO-Pb"
"2830_PdHNOS",0.0687080506,"SH-NO-Pd"
"2831_PtHNOS",0.1362918886,"SH-NO-Pt"
"2832_SrHNOS",-0.7533143594,"SH-NO-Sr"
"2833_ZnHNOS",0.0343933986,"SH-NO-Zn"
"2834_BaCHNOS",-0.9268213745,"SH-OCN-Ba"
"2835_BeCHNOS",-0.2370280895,"SH-OCN-Be"
"2836_CaCHNOS",-0.8756663362,"SH-OCN-Ca"
"2837_CdCHNOS",-0.1823008062,"SH-OCN-Cd"
"2838_CoCHNOS",-0.1028244078,"SH-OCN-Co"
"2839_CuCHNOS",0.0367217438,"SH-OCN-Cu"
"2840_FeCHNOS",-0.0967885678,"SH-OCN-Fe"
"2841_MgCHNOS",-0.5903856328,"SH-OCN-Mg"
"2842_MnCHNOS",-0.3288053795,"SH-OCN-Mn"
"2843_NiCHNOS",0.0086285455,"SH-OCN-Ni"
"2844_PbCHNOS",-0.1944860478,"SH-OCN-Pb"
"2845_PdCHNOS",0.0512248272,"SH-OCN-Pd"
"2846_PtCHNOS",0.1448933038,"SH-OCN-Pt"
"2847_SrCHNOS",-0.9099241662,"SH-OCN-Sr"
"2848_ZnCHNOS",-0.1764143195,"SH-OCN-Zn"
"2849_BaCHNS2",-0.573573994,"SH-SCN-Ba"
"2850_BeCHNS2",0.0427165927,"SH-SCN-Be"
"2851_CaCHNS2",-0.535568044,"SH-SCN-Ca"
"2852_CdCHNS2",0.0444397443,"SH-SCN-Cd"
"2853_CoCHNS2",0.1071231127,"SH-SCN-Co"
"2854_CuCHNS2",0.2607813127,"SH-SCN-Cu"
"2855_FeCHNS2",0.0893919677,"SH-SCN-Fe"
"2856_MgCHNS2",-0.2884337107,"SH-SCN-Mg"
"2857_MnCHNS2",0.1034349377,"SH-SCN-Mn"
"2858_NiCHNS2",0.0760159027,"SH-SCN-Ni"
"2859_PbCHNS2",0.103237976,"SH-SCN-Pb"
"2860_PdCHNS2",0.2576102543,"SH-SCN-Pd"
"2861_PtCHNS2",0.3566829293,"SH-SCN-Pt"
"2862_SrCHNS2",-0.5650057257,"SH-SCN-Sr"
"2863_ZnCHNS2",0.057902896,"SH-SCN-Zn"
"2864_CeHNO",-1.8551520875,"NH-O-Ce"
"2865_GeHNO",-0.72374693,"NH-O-Ge"
"2866_HfHNO",-2.010005315,"NH-O-Hf"
"2867_IrHNO",-0.149414075,"NH-O-Ir"
"2868_MoHNO",-0.81332331,"NH-O-Mo"
"2869_OsHNO",-0.042030205,"NH-O-Os"
"2870_PdHNO",-0.091509985,"NH-O-Pd"
"2871_PtHNO",-0.27851337,"NH-O-Pt"
"2872_ReHNO",-0.4056716775,"NH-O-Re"
"2873_RuHNO",-0.24607981,"NH-O-Ru"
"2874_SnHNO",-0.6998740825,"NH-O-Sn"
"2875_TcHNO",6.26056844,"NH-O-Tc"
"2876_HNOTe",0.007386145,"NH-O-Te"
"2877_TiHNO",-1.76732131,"NH-O-Ti"
"2878_WHNO",-0.79029422,"NH-O-W"
"2879_ZrHNO",-1.9385784,"NH-O-Zr"
"2880_CeH2NP",-0.59541199,"NH-PH-Ce"
"2881_GeH2NP",0.28173877,"NH-PH-Ge"
"2882_HfH2NP",-0.62873144,"NH-PH-Hf"
"2883_IrH2NP",0.087645818,"NH-PH-Ir"
"2884_MoH2NP",-0.128573266,"NH-PH-Mo"
"2885_OsH2NP",0.269673058,"NH-PH-Os"
"2886_PdH2NP",0.149410128,"NH-PH-Pd"
"2887_PtH2NP",-0.078943134,"NH-PH-Pt"
"2888_ReH2NP",0.190483098,"NH-PH-Re"
"2889_RuH2NP",0.137456918,"NH-PH-Ru"
"2890_SnH2NP",0.196535314,"NH-PH-Sn"
"2891_TcH2NP",0.06004656,"NH-PH-Tc"
"2892_H2NPTe",0.43336028,"NH-PH-Te"
"2893_TiH2NP",-0.55903422,"NH-PH-Ti"
"2894_WH2NP",-0.066698434,"NH-PH-W"
"2895_ZrH2NP",-0.624175528,"NH-PH-Zr"
"2896_CeHNS",-1.2285712293,"NH-S-Ce"
"2897_GeHNS",-0.0895129592,"NH-S-Ge"
"2898_HfHNS",-1.2683268968,"NH-S-Hf"
"2899_IrHNS",0.0930573457,"NH-S-Ir"
"2900_MoHNS",-0.3622811017,"NH-S-Mo"
"2901_OsHNS",0.1952144832,"NH-S-Os"
"2902_PdHNS",0.1093190858,"NH-S-Pd"
"2903_PtHNS",-0.1090064068,"NH-S-Pt"
"2904_ReHNS",-0.0059319718,"NH-S-Re"
"2905_RuHNS",0.0041471533,"NH-S-Ru"
"2906_SnHNS",-0.2074667567,"NH-S-Sn"
"2907_TcHNS",-0.1383989817,"NH-S-Tc"
"2908_HNSTe",0.2688808658,"NH-S-Te"
"2909_TiHNS",-1.0604395443,"NH-S-Ti"
"2910_WHNS",-0.3234411943,"NH-S-W"
"2911_ZrHNS",-1.2374190193,"NH-S-Zr"
"2912_CeHNSe",-1.148998525,"NH-Se-Ce"
"2913_GeHNSe",0.0624930125,"NH-Se-Ge"
"2914_HfHNSe",-1.134259755,"NH-Se-Hf"
"2915_IrHNSe",0.18046346,"NH-Se-Ir"
"2916_MoHNSe",-0.26028341,"NH-Se-Mo"
"2917_OsHNSe",0.318602855,"NH-Se-Os"
"2918_PdHNSe",0.159583125,"NH-Se-Pd"
"2919_PtHNSe",-0.023615225,"NH-Se-Pt"
"2920_ReHNSe",0.0759640025,"NH-Se-Re"
"2921_RuHNSe",0.04990375,"NH-Se-Ru"
"2922_SnHNSe",-0.1028717275,"NH-Se-Sn"
"2923_TcHNSe",-0.0962601275,"NH-Se-Tc"
"2924_HNSeTe",0.2452022925,"NH-Se-Te"
"2925_TiHNSe",-0.9648812575,"NH-Se-Ti"
"2926_WHNSe",-0.1773027975,"NH-Se-W"
"2927_ZrHNSe",-1.125026015,"NH-Se-Zr"
"2928_CeHNTe",-0.987379275,"NH-Te-Ce"
"2929_GeHNTe",0.16047671,"NH-Te-Ge"
"2930_HfHNTe",-0.88956259,"NH-Te-Hf"
"2931_IrHNTe",0.199538965,"NH-Te-Ir"
"2932_MoHNTe",-0.1205394375,"NH-Te-Mo"
"2933_OsHNTe",0.296077055,"NH-Te-Os"
"2934_PdHNTe",0.2057138725,"NH-Te-Pd"
"2935_PtHNTe",0.0763827875,"NH-Te-Pt"
"2936_ReHNTe",0.1787331325,"NH-Te-Re"
"2937_RuHNTe",0.03649462,"NH-Te-Ru"
"2938_SnHNTe",0.105100715,"NH-Te-Sn"
"2939_TcHNTe",-0.022217835,"NH-Te-Tc"
"2940_TiHNTe",-0.7934332125,"NH-Te-Ti"
"2941_WHNTe",0.0186415125,"NH-Te-W"
"2942_ZrHNTe",-0.91757417,"NH-Te-Zr"
"2943_CeOS",-2.642705969,"O-S-Ce"
"2944_GeOS",-0.6470552657,"O-S-Ge"
"2945_HfOS",-2.6066753757,"O-S-Hf"
"2946_IrOS",-0.3325267457,"O-S-Ir"
"2947_MoOS",-1.104081439,"O-S-Mo"
"2948_OsOS",-0.146551159,"O-S-Os"
"2949_PdOS",-0.276139209,"O-S-Pd"
"2950_PtOS",-0.4883888857,"O-S-Pt"
"2951_ReOS",-0.4973586123,"O-S-Re"
"2952_RuOS",-0.432419609,"O-S-Ru"
"2953_SnOS",-0.864284549,"O-S-Sn"
"2954_TcOS",-0.7209263457,"O-S-Tc"
"2955_OSTe",-0.3518307623,"O-S-Te"
"2956_TiOS",-2.297381989,"O-S-Ti"
"2957_WOS",-1.022493259,"O-S-W"
"2958_ZrOS",-2.579745379,"O-S-Zr"
"2959_CeOSe",-2.53678919,"O-Se-Ce"
"2960_GeOSe",-0.4121026467,"O-Se-Ge"
"2961_HfOSe",-2.4089114867,"O-Se-Hf"
"2962_IrOSe",-0.1932751,"O-Se-Ir"
"2963_MoOSe",-0.9533460467,"O-Se-Mo"
"2964_OsOSe",0.0091050033,"O-Se-Os"
"2965_PdOSe",-0.1912793733,"O-Se-Pd"
"2966_PtOSe",-0.3600461967,"O-Se-Pt"
"2967_ReOSe",-0.3252166667,"O-Se-Re"
"2968_RuOSe",-0.3462937433,"O-Se-Ru"
"2969_SnOSe",-0.6997783,"O-Se-Sn"
"2970_TcOSe",-0.61612122,"O-Se-Tc"
"2971_OSeTe",-0.36357578,"O-Se-Te"
"2972_TiOSe",-2.15639298,"O-Se-Ti"
"2973_WOSe",-0.8160745833,"O-Se-W"
"2974_ZrOSe",-2.4152951467,"O-Se-Zr"
"2975_CeOTe",-2.3250074067,"O-Te-Ce"
"2976_GeOTe",-0.4697053633,"O-Te-Ge"
"2977_HfOTe",-2.03163137,"O-Te-Hf"
"2978_IrOTe",-0.0381536833,"O-Te-Ir"
"2979_MoOTe",-0.7487626533,"O-Te-Mo"
"2980_OsOTe",0.0697389933,"O-Te-Os"
"2981_PdOTe",-0.13609895,"O-Te-Pd"
"2982_PtOTe",-0.2429254533,"O-Te-Pt"
"2983_ReOTe",-0.1204681467,"O-Te-Re"
"2984_RuOTe",-0.36542289,"O-Te-Ru"
"2985_SnOTe",-0.5232708467,"O-Te-Sn"
"2986_TcOTe",-0.5261445333,"O-Te-Tc"
"2987_TiOTe",-1.8997813467,"O-Te-Ti"
"2988_WOTe",-0.5371286467,"O-Te-W"
"2989_ZrOTe",-2.0990043033,"O-Te-Zr"
"2990_CeHOP",-1.4975893475,"PH-O-Ce"
"2991_GeHOP",-0.0064604175,"PH-O-Ge"
"2992_HfHOP",-1.44172493,"PH-O-Hf"
"2993_IrHOP",-0.2463841725,"PH-O-Ir"
"2994_MoHOP",-0.62167312,"PH-O-Mo"
"2995_OsHOP",-0.0228721225,"PH-O-Os"
"2996_PdHOP",-0.17531117,"PH-O-Pd"
"2997_PtHOP",-0.4116933225,"PH-O-Pt"
"2998_ReHOP",-0.1620596925,"PH-O-Re"
"2999_RuHOP",-0.226169965,"PH-O-Ru"
"3000_SnHOP",-0.14527947,"PH-O-Sn"
"3001_TcHOP",-0.34415233,"PH-O-Tc"
"3002_HOPTe",0.003240605,"PH-O-Te"
"3003_TiHOP",-1.33999351,"PH-O-Ti"
"3004_WHOP",-0.52646785,"PH-O-W"
"3005_ZrHOP",-1.450997965,"PH-O-Zr"
"3006_CeHPS",-0.9403721193,"PH-S-Ce"
"3007_GeHPS",0.1079472358,"PH-S-Ge"
"3008_HfHPS",-0.8803468743,"PH-S-Hf"
"3009_IrHPS",-0.2426553143,"PH-S-Ir"
"3010_MoHPS",-0.3039336743,"PH-S-Mo"
"3011_OsHPS",0.0408397833,"PH-S-Os"
"3012_PdHPS",-0.1657999618,"PH-S-Pd"
"3013_PtHPS",-0.4384767742,"PH-S-Pt"
"3014_ReHPS",0.0386755757,"PH-S-Re"
"3015_RuHPS",-0.0815439242,"PH-S-Ru"
"3016_SnHPS",-0.0237744892,"PH-S-Sn"
"3017_TcHPS",-0.1342078218,"PH-S-Tc"
"3018_HPSTe",0.2624085858,"PH-S-Te"
"3019_TiHPS",-0.7628406268,"PH-S-Ti"
"3020_WHPS",-0.2099475418,"PH-S-W"
"3021_ZrHPS",-0.8986305992,"PH-S-Zr"
"3022_CeHPSe",-0.8685431025,"PH-Se-Ce"
"3023_GeHPSe",0.116401855,"PH-Se-Ge"
"3024_HfHPSe",-0.77300656,"PH-Se-Hf"
"3025_IrHPSe",-0.257778365,"PH-Se-Ir"
"3026_MoHPSe",-0.23337982,"PH-Se-Mo"
"3027_OsHPSe",0.0794236925,"PH-Se-Os"
"3028_PdHPSe",-0.1798223375,"PH-Se-Pd"
"3029_PtHPSe",-0.439623755,"PH-Se-Pt"
"3030_ReHPSe",0.051340005,"PH-Se-Re"
"3031_RuHPSe",-0.08970632,"PH-Se-Ru"
"3032_SnHPSe",-0.0253577525,"PH-Se-Sn"
"3033_TcHPSe",-0.1151455725,"PH-Se-Tc"
"3034_HPSeTe",0.2288407975,"PH-Se-Te"
"3035_TiHPSe",-0.6632656075,"PH-Se-Ti"
"3036_WHPSe",-0.1183956,"PH-Se-W"
"3037_ZrHPSe",-0.8006919475,"PH-Se-Zr"
"3038_CeHPTe",-0.718844455,"PH-Te-Ce"
"3039_GeHPTe",0.180076095,"PH-Te-Ge"
"3040_HfHPTe",-0.5819780875,"PH-Te-Hf"
"3041_IrHPTe",-0.32547316,"PH-Te-Ir"
"3042_MoHPTe",-0.1508394375,"PH-Te-Mo"
"3043_OsHPTe",0.0342629775,"PH-Te-Os"
"3044_PdHPTe",-0.18322649,"PH-Te-Pd"
"3045_PtHPTe",-0.4184413925,"PH-Te-Pt"
"3046_ReHPTe",0.05841335,"PH-Te-Re"
"3047_RuHPTe",-0.180949065,"PH-Te-Ru"
"3048_SnHPTe",0.0526627275,"PH-Te-Sn"
"3049_TcHPTe",-0.13017794,"PH-Te-Tc"
"3050_TiHPTe",-0.5046640425,"PH-Te-Ti"
"3051_WHPTe",0.005077125,"PH-Te-W"
"3052_ZrHPTe",-0.623207155,"PH-Te-Zr"
"3053_CeSSe",-1.7993271557,"S-Se-Ce"
"3054_GeSSe",-0.144286619,"S-Se-Ge"
"3055_HfSSe",-1.615717119,"S-Se-Hf"
"3056_IrSSe",-0.2597631657,"S-Se-Ir"
"3057_MoSSe",-0.5190630157,"S-Se-Mo"
"3058_OsSSe",0.033922811,"S-Se-Os"
"3059_PdSSe",-0.2544733557,"S-Se-Pd"
"3060_PtSSe",-0.4984553857,"S-Se-Pt"
"3061_ReSSe",-0.0660298723,"S-Se-Re"
"3062_RuSSe",-0.1843583957,"S-Se-Ru"
"3063_SnSSe",-0.3881309857,"S-Se-Sn"
"3064_TcSSe",-0.309412489,"S-Se-Tc"
"3065_SSeTe",-0.0341413257,"S-Se-Te"
"3066_TiSSe",-1.3661053523,"S-Se-Ti"
"3067_WSSe",-0.3930940657,"S-Se-W"
"3068_ZrSSe",-1.6453832423,"S-Se-Zr"
"3069_CeSTe",2.0380795143,"S-Te-Ce"
"3070_GeSTe",-0.0214407857,"S-Te-Ge"
"3071_HfSTe",-1.3516115523,"S-Te-Hf"
"3072_IrSTe",-0.2596266457,"S-Te-Ir"
"3073_MoSTe",-0.412816019,"S-Te-Mo"
"3074_OsSTe",0.018200261,"S-Te-Os"
"3075_PdSTe",-0.2693581257,"S-Te-Pd"
"3076_PtSTe",-0.476717289,"S-Te-Pt"
"3077_ReSTe",0.056416681,"S-Te-Re"
"3078_RuSTe",-0.249136579,"S-Te-Ru"
"3079_SnSTe",-0.2064403923,"S-Te-Sn"
"3080_TcSTe",-0.2280079157,"S-Te-Tc"
"3081_TiSTe",-1.195514569,"S-Te-Ti"
"3082_WSTe",-0.214357659,"S-Te-W"
"3083_ZrSTe",-1.419420369,"S-Te-Zr"
"3084_CeSeTe",-1.50161515,"Se-Te-Ce"
"3085_GeSeTe",-0.02356024,"Se-Te-Ge"
"3086_HfSeTe",-1.2185989267,"Se-Te-Hf"
"3087_IrSeTe",-0.2769644367,"Se-Te-Ir"
"3088_MoSeTe",-0.31138972,"Se-Te-Mo"
"3089_OsSeTe",0.1160628933,"Se-Te-Os"
"3090_PdSeTe",-0.3346269667,"Se-Te-Pd"
"3091_PtSeTe",-0.54127749,"Se-Te-Pt"
"3092_ReSeTe",0.18549323,"Se-Te-Re"
"3093_RuSeTe",-0.14889731,"Se-Te-Ru"
"3094_SnSeTe",-0.2236851167,"Se-Te-Sn"
"3095_TcSeTe",-0.1738232733,"Se-Te-Tc"
"3096_TiSeTe",-1.0681127367,"Se-Te-Ti"
"3097_WSeTe",-0.0908860467,"Se-Te-W"
"3098_ZrSeTe",-1.2968005133,"Se-Te-Zr"
